Name,Handedness,Team,Opponent,Date,RGID
Spencer Strider,R,ATL,NYM,5/1/23,
Denyi Reyes,R,NYM,ATL,5/1/23,
Charlie Morton,R,ATL,NYM,5/1/23,
Tylor Megill,R,NYM,ATL,5/1/23,
Cal Quantrill,R,CLE,NYY,5/1/23,
Domingo German,R,NYY,CLE,5/1/23,
Drew Smyly,L,CHC,WAS,5/1/23,
MacKenzie Gore,L,WAS,CHC,5/1/23,
Jose Berrios,R,TOR,BOS,5/1/23,
Corey Kluber,R,BOS,TOR,5/1/23,
Ross Stripling,R,SFG,HOU,5/1/23,
Luis Garcia,R,HOU,SFG,5/1/23,
Luke Weaver,R,CIN,SDP,5/1/23,
Blake Snell,L,SDP,CIN,5/1/23,
Taijuan Walker,R,PHI,LAD,5/1/23,
Tony Gonsolin,R,LAD,PHI,5/1/23,
Bryce Elder,R,ATL,MIA,5/2/23,
Sandy Alcantara,R,MIA,ATL,5/2/23,
Roansy Contreras,R,PIT,TBR,5/2/23,
Javy Guerra,R,TBR,PIT,5/2/23,
Josh Fleming,L,NYM,DET,5/2/23,
Joey Lucchesi,L,DET,NYM,5/2/23,
Michael Lorenzen,R,CHC,WAS,5/2/23,
Hayden Wesneski,R,WAS,CHC,5/2/23,
Trevor Williams,R,CLE,NYY,5/2/23,
Tanner Bibee,R,NYY,CLE,5/2/23,
Gerrit Cole,R,TOR,BOS,5/2/23,
Yusei Kikuchi,L,BOS,TOR,5/2/23,
Tanner Houck,R,MIN,CHW,5/2/23,
Joe Ryan,R,CHW,MIN,5/2/23,
Michael Kopech,R,BAL,KCR,5/2/23,
Tyler Wells,R,KCR,BAL,5/2/23,
Ryan Yarbrough,L,LAA,STL,5/2/23,
Patrick Sandoval,L,STL,LAA,5/2/23,
Steven Matz,L,ARI,TEX,5/2/23,
Zac Gallen,R,TEX,ARI,5/2/23,
Jon Gray,R,SFG,HOU,5/2/23,
Anthony DeSclafani,R,HOU,SFG,5/2/23,
Hunter Brown,R,MIL,COL,5/2/23,
Freddy Peralta,R,COL,MIL,5/2/23,
Ryan Feltner,R,SEA,OAK,5/2/23,
Bryce Miller,R,OAK,SEA,5/2/23,
Mason Miller,R,CIN,SDP,5/2/23,
Graham Ashcraft,R,SDP,CIN,5/2/23,
Michael Wacha,R,PHI,LAD,5/2/23,
Matt Strahm,L,LAD,PHI,5/2/23,
Joey Lucchesi,L,NYM,DET,5/3/23,
Joey Wentz,L,DET,NYM,5/3/23,
Brandon Pfaadt,R,ARI,TEX,5/3/23,
Andrew Heaney,L,TEX,ARI,5/3/23,
Logan Webb,R,SFG,HOU,5/3/23,
Framber Valdez,L,HOU,SFG,5/3/23,
Aaron Nola,R,PHI,LAD,5/3/23,
Gavin Stone,R,LAD,PHI,5/3/23,
Luis Cessa,R,CIN,SDP,5/3/23,
Seth Lugo,R,SDP,CIN,5/3/23,
Mitch Keller,R,PIT,TBR,5/3/23,
Shane McClanahan,L,TBR,PIT,5/3/23,
Max Scherzer,R,NYM,DET,5/3/23,
Michael Lorenzen,R,DET,NYM,5/3/23,
Kyle Wright,R,ATL,MIA,5/3/23,
Braxton Garrett,L,MIA,ATL,5/3/23,
Marcus Stroman,R,CHC,WAS,5/3/23,
Jake Irvin,R,WAS,CHC,5/3/23,
Shane Bieber,R,CLE,NYY,5/3/23,
Clarke Schmidt,R,NYY,CLE,5/3/23,
Alek Manoah,R,TOR,BOS,5/3/23,
Nick Pivetta,R,BOS,TOR,5/3/23,
Louie Varland,R,MIN,CHW,5/3/23,
Dylan Cease,R,CHW,MIN,5/3/23,
Kyle Gibson,R,BAL,KCR,5/3/23,
Zack Greinke,R,KCR,BAL,5/3/23,
Shohei Ohtani,R,LAA,STL,5/3/23,
Miles Mikolas,R,STL,LAA,5/3/23,
Eric Lauer,L,MIL,COL,5/3/23,
Kyle Freeland,L,COL,MIL,5/3/23,
Logan Gilbert,R,SEA,OAK,5/3/23,
JP Sears,L,OAK,SEA,5/3/23,
Jameson Taillon,R,CHC,WAS,5/4/23,
Patrick Corbin,L,WAS,CHC,5/4/23,
Justin Verlander,R,NYM,DET,5/4/23,
Eduardo Rodriguez,L,DET,NYM,5/4/23,
Vince Velasquez,R,PIT,TBR,5/4/23,
Zach Eflin,R,TBR,PIT,5/4/23,
Griffin Canning,R,LAA,STL,5/4/23,
Jack Flaherty,R,STL,LAA,5/4/23,
Grayson Rodriguez,R,BAL,KCR,5/4/23,
Jordan Lyles,R,KCR,BAL,5/4/23,
Pablo Lopez,R,MIN,CHW,5/4/23,
Lucas Giolito,R,CHW,MIN,5/4/23,
Wade Miley,L,MIL,COL,5/4/23,
Connor Seabold,R,COL,MIL,5/4/23,
George Kirby,R,SEA,OAK,5/4/23,
Drew Rucinski,R,OAK,SEA,5/4/23,
Dylan Dodd,L,ATL,MIA,5/4/23,
Jesus Luzardo,L,MIA,ATL,5/4/23,
Kevin Gausman,R,TOR,BOS,5/4/23,
Brayan Bello,R,BOS,TOR,5/4/23,
Edward Cabrera,R,MIA,CHC,5/5/23,
Justin Steele,L,CHC,MIA,5/5/23,
Chris Bassitt,R,TOR,PIT,5/5/23,
Rich Hill,L,PIT,TOR,5/5/23,
Lance Lynn,R,CHW,CIN,5/5/23,
Hunter Greene,R,CIN,CHW,5/5/23,
Jhony Brito,R,NYY,TBR,5/5/23,
Yonny Chirinos,R,TBR,NYY,5/5/23,
Chris Sale,L,BOS,PHI,5/5/23,
Zack Wheeler,R,PHI,BOS,5/5/23,
Bailey Ober,R,MIN,CLE,5/5/23,
Peyton Battenfield,R,CLE,MIN,5/5/23,
Antonio Senzatela,R,COL,NYM,5/5/23,
Kodai Senga,R,NYM,COL,5/5/23,
Dean Kremer,R,BAL,ATL,5/5/23,
Max Fried,L,ATL,BAL,5/5/23,
Kyle Muller,L,OAK,KCR,5/5/23,
Brad Keller,R,KCR,OAK,5/5/23,
Matt Boyd,L,DET,STL,5/5/23,
Jordan Montgomery,L,STL,DET,5/5/23,
Dane Dunning,R,TEX,LAA,5/5/23,
Tyler Anderson,L,LAA,TEX,5/5/23,
Clayton Kershaw,L,LAD,SDP,5/5/23,
Yu Darvish,R,SDP,LAD,5/5/23,
Josiah Gray,R,WAS,ARI,5/5/23,
Merrill Kelly,R,ARI,WAS,5/5/23,
Cristian Javier,R,HOU,SEA,5/5/23,
Luis Castillo,R,SEA,HOU,5/5/23,
Corbin Burnes,R,MIL,SFG,5/5/23,
Sean Manaea,L,SFG,MIL,5/5/23,
Spencer Turnbull,R,DET,STL,5/6/23,
Adam Wainwright,R,STL,DET,5/6/23,
Bryan Hoeing,R,MIA,CHC,5/6/23,
Drew Smyly,L,CHC,MIA,5/6/23,
Austin Gomber,L,COL,NYM,5/6/23,
Tylor Megill,R,NYM,COL,5/6/23,
Domingo German,R,NYY,TBR,5/6/23,
Drew Rasmussen,R,TBR,NYY,5/6/23,
Sonny Gray,R,MIN,CLE,5/6/23,
Logan Allen,L,CLE,MIN,5/6/23,
Jose Berrios,R,TOR,PIT,5/6/23,
Johan Oviedo,R,PIT,TOR,5/6/23,
Mike Clevinger,R,CHW,CIN,5/6/23,
Nick Lodolo,L,CIN,CHW,5/6/23,
Ken Waldichuk,L,OAK,KCR,5/6/23,
Brady Singer,R,KCR,OAK,5/6/23,
Kyle Bradish,R,BAL,ATL,5/6/23,
Spencer Strider,R,ATL,BAL,5/6/23,
Corey Kluber,R,BOS,PHI,5/6/23,
Bailey Falter,L,PHI,BOS,5/6/23,
Colin Rea,R,MIL,SFG,5/6/23,
Alex Cobb,R,SFG,MIL,5/6/23,
MacKenzie Gore,L,WAS,ARI,5/6/23,
Tommy Henry,L,ARI,WAS,5/6/23,
Dustin May,R,LAD,SDP,5/6/23,
Blake Snell,L,SDP,LAD,5/6/23,
Nathan Eovaldi,R,TEX,LAA,5/6/23,
Reid Detmers,L,LAA,TEX,5/6/23,
J.P. France,R,HOU,SEA,5/6/23,
Marco Gonzales,L,SEA,HOU,5/6/23,
Tyler Wells,R,BAL,ATL,5/7/23,
Bryce Elder,R,ATL,BAL,5/7/23,
Tanner Houck,R,BOS,PHI,5/7/23,
Taijuan Walker,R,PHI,BOS,5/7/23,
Yusei Kikuchi,L,TOR,PIT,5/7/23,
Roansy Contreras,R,PIT,TOR,5/7/23,
Gerrit Cole,R,NYY,TBR,5/7/23,
Javy Guerra,R,TBR,NYY,5/7/23,
Josh Fleming,L,COL,NYM,5/7/23,
Ryan Feltner,R,NYM,COL,5/7/23,
Joey Lucchesi,L,MIN,CLE,5/7/23,
Joe Ryan,R,CLE,MIN,5/7/23,
Cal Quantrill,R,OAK,KCR,5/7/23,
Mason Miller,R,KCR,OAK,5/7/23,
Ryan Yarbrough,L,DET,STL,5/7/23,
Alex Faedo,R,STL,DET,5/7/23,
Steven Matz,L,MIA,CHC,5/7/23,
Sandy Alcantara,R,CHC,MIA,5/7/23,
Hayden Wesneski,R,MIL,SFG,5/7/23,
Adrian Houser,R,SFG,MIL,5/7/23,
Ross Stripling,R,TEX,LAA,5/7/23,
Martin Perez,L,LAA,TEX,5/7/23,
Jose Suarez,L,HOU,SEA,5/7/23,
Brandon Bielak,R,SEA,HOU,5/7/23,
Bryce Miller,R,CHW,CIN,5/7/23,
Michael Kopech,R,CIN,CHW,5/7/23,
Graham Ashcraft,R,WAS,ARI,5/7/23,
Trevor Williams,R,ARI,WAS,5/7/23,
Ryne Nelson,R,LAD,SDP,5/7/23,
Julio Urias,L,SDP,LAD,5/7/23,
Joey Wentz,L,DET,CLE,5/8/23,
Tanner Bibee,R,CLE,DET,5/8/23,
Shane McClanahan,L,TBR,BAL,5/8/23,
Kyle Gibson,R,BAL,TBR,5/8/23,
Kyle Freeland,L,COL,PIT,5/8/23,
Mitch Keller,R,PIT,COL,5/8/23,
JP Sears,L,OAK,NYY,5/8/23,
Nestor Cortes,L,NYY,OAK,5/8/23,
Miles Mikolas,R,STL,CHC,5/8/23,
Marcus Stroman,R,CHC,STL,5/8/23,
Tony Gonsolin,R,LAD,MIL,5/8/23,
Freddy Peralta,R,MIL,LAD,5/8/23,
Dylan Cease,R,CHW,KCR,5/8/23,
Zack Greinke,R,KCR,CHW,5/8/23,
Hunter Brown,R,HOU,LAA,5/8/23,
Patrick Sandoval,L,LAA,HOU,5/8/23,
Jon Gray,R,TEX,SEA,5/8/23,
Logan Gilbert,R,SEA,TEX,5/8/23,
Braxton Garrett,L,MIA,ARI,5/8/23,
Zac Gallen,R,ARI,MIA,5/8/23,
Jake Irvin,R,WAS,SFG,5/8/23,
Anthony DeSclafani,R,SFG,WAS,5/8/23,
Michael Lorenzen,R,DET,CLE,5/9/23,
Shane Bieber,R,CLE,DET,5/9/23,
Connor Seabold,R,COL,PIT,5/9/23,
Luis Ortiz,R,PIT,COL,5/9/23,
Zach Eflin,R,TBR,BAL,5/9/23,
Grayson Rodriguez,R,BAL,TBR,5/9/23,
Max Scherzer,R,NYM,CIN,5/9/23,
Luke Weaver,R,CIN,NYM,5/9/23,
Alek Manoah,R,TOR,PHI,5/9/23,
Aaron Nola,R,PHI,TOR,5/9/23,
Drew Rucinski,R,OAK,NYY,5/9/23,
Clarke Schmidt,R,NYY,OAK,5/9/23,
Nick Pivetta,R,BOS,ATL,5/9/23,
Charlie Morton,R,ATL,BOS,5/9/23,
Lucas Giolito,R,CHW,KCR,5/9/23,
Jordan Lyles,R,KCR,CHW,5/9/23,
Michael Wacha,R,SDP,MIN,5/9/23,
Louie Varland,R,MIN,SDP,5/9/23,
Noah Syndergaard,R,LAD,MIL,5/9/23,
Eric Lauer,L,MIL,LAD,5/9/23,
Jack Flaherty,R,STL,CHC,5/9/23,
Jameson Taillon,R,CHC,STL,5/9/23,
Framber Valdez,L,HOU,LAA,5/9/23,
Shohei Ohtani,R,LAA,HOU,5/9/23,
Jesus Luzardo,L,MIA,ARI,5/9/23,
Brandon Pfaadt,R,ARI,MIA,5/9/23,
Andrew Heaney,L,TEX,SEA,5/9/23,
George Kirby,R,SEA,TEX,5/9/23,
Patrick Corbin,L,WAS,SFG,5/9/23,
Logan Webb,R,SFG,WAS,5/9/23,
Kyle Muller,L,OAK,NYY,5/10/23,
Jhony Brito,R,NYY,OAK,5/10/23,
Antonio Senzatela,R,COL,PIT,5/10/23,
Rich Hill,L,PIT,COL,5/10/23,
Eduardo Rodriguez,L,DET,CLE,5/10/23,
Peyton Battenfield,R,CLE,DET,5/10/23,
Clayton Kershaw,L,LAD,MIL,5/10/23,
Wade Miley,L,MIL,LAD,5/10/23,
Edward Cabrera,R,MIA,ARI,5/10/23,
Merrill Kelly,R,ARI,MIA,5/10/23,
Dane Dunning,R,TEX,SEA,5/10/23,
Luis Castillo,R,SEA,TEX,5/10/23,
Josiah Gray,R,WAS,SFG,5/10/23,
Sean Manaea,L,SFG,WAS,5/10/23,
Kevin Gausman,R,TOR,PHI,5/10/23,
Zack Wheeler,R,PHI,TOR,5/10/23,
Cristian Javier,R,HOU,LAA,5/10/23,
Griffin Canning,R,LAA,HOU,5/10/23,
Jalen Beeks,L,TBR,BAL,5/10/23,
Yonny Chirinos,R,BAL,TBR,5/10/23,
Dean Kremer,R,NYM,CIN,5/10/23,
Justin Verlander,R,CIN,NYM,5/10/23,
Hunter Greene,R,BOS,ATL,5/10/23,
Brayan Bello,R,ATL,BOS,5/10/23,
Jared Shuster,L,STL,CHC,5/10/23,
Jordan Montgomery,L,CHC,STL,5/10/23,
Justin Steele,L,CHW,KCR,5/10/23,
Lance Lynn,R,KCR,CHW,5/10/23,
Brad Keller,R,SDP,MIN,5/10/23,
Seth Lugo,R,MIN,SDP,5/10/23,
Kodai Senga,R,NYM,CIN,5/11/23,
Derek Law,R,CIN,NYM,5/11/23,
Ben Lively,R,SDP,MIN,5/11/23,
Yu Darvish,R,MIN,SDP,5/11/23,
Bailey Ober,R,CHW,KCR,5/11/23,
Mike Clevinger,R,KCR,CHW,5/11/23,
Brady Singer,R,TBR,NYY,5/11/23,
Drew Rasmussen,R,NYY,TBR,5/11/23,
Domingo German,R,SFG,ARI,5/11/23,
Alex Cobb,R,ARI,SFG,5/11/23,
Tommy Henry,L,TEX,OAK,5/11/23,
Nathan Eovaldi,R,OAK,TEX,5/11/23,
Graham Ashcraft,R,CIN,MIA,5/12/23,
Eury Perez,R,MIA,CIN,5/12/23,
Marco Gonzales,L,SEA,DET,5/12/23,
Matthew Boyd,L,DET,SEA,5/12/23,
Tylor Megill,R,NYM,WAS,5/12/23,
MacKenzie Gore,L,WAS,NYM,5/12/23,
Johan Oviedo,R,PIT,BAL,5/12/23,
Kyle Bradish,R,BAL,PIT,5/12/23,
Trevor Kelley,R,TBR,NYY,5/12/23,
Josh Fleming,L,NYY,TBR,5/12/23,
Gerrit Cole,R,ATL,TOR,5/12/23,
Spencer Strider,R,TOR,ATL,5/12/23,
Chris Bassitt,R,STL,BOS,5/12/23,
Adam Wainwright,R,BOS,STL,5/12/23,
James Paxton,L,LAA,CLE,5/12/23,
Tyler Anderson,L,CLE,LAA,5/12/23,
Logan Allen,L,HOU,CHW,5/12/23,
J.P. France,R,CHW,HOU,5/12/23,
Michael Kopech,R,KCR,MIL,5/12/23,
Josh Taylor,L,MIL,KCR,5/12/23,
Corbin Burnes,R,CHC,MIN,5/12/23,
Drew Smyly,L,MIN,CHC,5/12/23,
Sonny Gray,R,PHI,COL,5/12/23,
Taijuan Walker,R,COL,PHI,5/12/23,
Austin Gomber,L,SFG,ARI,5/12/23,
John Brebbia,R,ARI,SFG,5/12/23,
Ross Stripling,R,TEX,OAK,5/12/23,
Ryne Nelson,R,OAK,TEX,5/12/23,
Martin Perez,L,SDP,LAD,5/12/23,
Ken Waldichuk,L,LAD,SDP,5/12/23,
Graham Ashcraft,R,CIN,MIA,5/12/23,
Eury Perez,R,MIA,CIN,5/12/23,
Marco Gonzales,L,SEA,DET,5/12/23,
Matthew Boyd,L,DET,SEA,5/12/23,
Tylor Megill,R,NYM,WAS,5/12/23,
MacKenzie Gore,L,WAS,NYM,5/12/23,
Johan Oviedo,R,PIT,BAL,5/12/23,
Kyle Bradish,R,BAL,PIT,5/12/23,
Trevor Kelley,R,TBR,NYY,5/12/23,
Josh Fleming,L,NYY,TBR,5/12/23,
Gerrit Cole,R,ATL,TOR,5/12/23,
Spencer Strider,R,TOR,ATL,5/12/23,
Chris Bassitt,R,STL,BOS,5/12/23,
Adam Wainwright,R,BOS,STL,5/12/23,
James Paxton,L,LAA,CLE,5/12/23,
Tyler Anderson,L,CLE,LAA,5/12/23,
Logan Allen,L,HOU,CHW,5/12/23,
J.P. France,R,CHW,HOU,5/12/23,
Michael Kopech,R,KCR,MIL,5/12/23,
Josh Taylor,L,MIL,KCR,5/12/23,
Corbin Burnes,R,CHC,MIN,5/12/23,
Drew Smyly,L,MIN,CHC,5/12/23,
Sonny Gray,R,PHI,COL,5/12/23,
Taijuan Walker,R,COL,PHI,5/12/23,
Austin Gomber,L,SFG,ARI,5/12/23,
John Brebbia,R,ARI,SFG,5/12/23,
Ross Stripling,R,TEX,OAK,5/12/23,
Ryne Nelson,R,OAK,TEX,5/12/23,
Martin Perez,L,SDP,LAD,5/12/23,
Ken Waldichuk,L,LAD,SDP,5/12/23,
Shane McClanahan,L,TBR,NYY,5/13/23,
Nestor Cortes,L,NYY,TBR,5/13/23,
Bryce Miller,R,SEA,DET,5/13/23,
Alex Faedo,R,DET,SEA,5/13/23,
Levi Stoudt,R,CIN,MIA,5/13/23,
Sandy Alcantara,R,MIA,CIN,5/13/23,
Hayden Wesneski,R,CHC,MIN,5/13/23,
Joe Ryan,R,MIN,CHC,5/13/23,
Bryce Elder,R,ATL,TOR,5/13/23,
Jose Berrios,R,TOR,ATL,5/13/23,
Joey Lucchesi,L,NYM,WAS,5/13/23,
Trevor Williams,R,WAS,NYM,5/13/23,
Jon Gray,R,TEX,OAK,5/13/23,
JP Sears,L,OAK,TEX,5/13/23,
Steven Matz,L,STL,BOS,5/13/23,
Chris Sale,L,BOS,STL,5/13/23,
Reid Detmers,L,LAA,CLE,5/13/23,
Cal Quantrill,R,CLE,LAA,5/13/23,
Roansy Contreras,R,PIT,BAL,5/13/23,
Tyler Wells,R,BAL,PIT,5/13/23,
Zack Greinke,R,KCR,MIL,5/13/23,
Adrian Houser,R,MIL,KCR,5/13/23,
Joe Musgrove,R,SDP,LAD,5/13/23,
Julio Urias,L,LAD,SDP,5/13/23,
Brandon Bielak,R,HOU,CHW,5/13/23,
Dylan Cease,R,CHW,HOU,5/13/23,
Anthony DeSclafani,R,SFG,ARI,5/13/23,
Zac Gallen,R,ARI,SFG,5/13/23,
Ranger Suarez,L,PHI,COL,5/13/23,
Ryan Feltner,R,COL,PHI,5/13/23,
Patrick Sandoval,L,LAA,CLE,5/14/23,
Tanner Bibee,R,CLE,LAA,5/14/23,
Zach Eflin,R,TBR,NYY,5/14/23,
Clarke Schmidt,R,NYY,TBR,5/14/23,
Mitch Keller,R,PIT,BAL,5/14/23,
Kyle Gibson,R,BAL,PIT,5/14/23,
Collin McHugh,R,ATL,TOR,5/14/23,
Yusei Kikuchi,L,TOR,ATL,5/14/23,
Logan Gilbert,R,SEA,DET,5/14/23,
Joey Wentz,L,DET,SEA,5/14/23,
Luke Weaver,R,CIN,MIA,5/14/23,
Braxton Garrett,L,MIA,CIN,5/14/23,
Marcus Stroman,R,CHC,MIN,5/14/23,
Louie Varland,R,MIN,CHC,5/14/23,
Jordan Lyles,R,KCR,MIL,5/14/23,
Colin Rea,R,MIL,KCR,5/14/23,
Hunter Brown,R,HOU,CHW,5/14/23,
Lucas Giolito,R,CHW,HOU,5/14/23,
Aaron Nola,R,PHI,COL,5/14/23,
Kyle Freeland,L,COL,PHI,5/14/23,
Andrew Heaney,L,TEX,OAK,5/14/23,
JP Sears,L,OAK,TEX,5/14/23,
Ryan Weathers,L,SDP,LAD,5/14/23,
Tony Gonsolin,R,LAD,SDP,5/14/23,
Logan Webb,R,SFG,ARI,5/14/23,
Brandon Pfaadt,R,ARI,SFG,5/14/23,
Max Scherzer,R,NYM,WAS,5/14/23,
Jake Irvin,R,WAS,NYM,5/14/23,
Miles Mikolas,R,STL,BOS,5/14/23,
Corey Kluber,R,BOS,STL,5/14/23,
David Peterson,L,NYM,WAS,5/15/23,
Patrick Corbin,L,WAS,NYM,5/15/23,
Shohei Ohtani,R,LAA,BAL,5/15/23,
Grayson Rodriguez,R,BAL,LAA,5/15/23,
Jhony Brito,R,NYY,TOR,5/15/23,
Alek Manoah,R,TOR,NYY,5/15/23,
George Kirby,R,SEA,BOS,5/15/23,
Tanner Houck,R,BOS,SEA,5/15/23,
Freddy Peralta,R,MIL,STL,5/15/23,
Jack Flaherty,R,STL,MIL,5/15/23,
Charlie Morton,R,ATL,TEX,5/15/23,
Cody Bradford,L,TEX,ATL,5/15/23,
Jameson Taillon,R,CHC,HOU,5/15/23,
Framber Valdez,L,HOU,CHC,5/15/23,
Hunter Greene,R,CIN,COL,5/15/23,
Connor Seabold,R,COL,CIN,5/15/23,
Brad Keller,R,KCR,SDP,5/15/23,
Michael Wacha,R,SDP,KCR,5/15/23,
Merrill Kelly,R,ARI,OAK,5/15/23,
Drew Rucinski,R,OAK,ARI,5/15/23,
Connor Brogdon,R,PHI,SFG,5/15/23,
Bailey Falter,L,SFG,PHI,5/15/23,
Alex Wood,L,MIN,LAD,5/15/23,
Pablo Lopez,R,LAD,MIN,5/15/23,Chase Silseth,R,LAA,BAL,2023-05-16,3509672
Dean Kremer,R,BAL,LAA,2023-05-16,1451925
Luis Ortiz,R,PIT,DET,2023-05-16,3803321
Michael Lorenzen,R,DET,PIT,2023-05-16,17488
Josiah Gray,R,WAS,MIA,2023-05-16,2039710
Jesus Luzardo,L,MIA,WAS,2023-05-16,1266776
Domingo German,R,NYY,TOR,2023-05-16,22659
Kevin Gausman,R,TOR,NYY,2023-05-16,15840
Luis Castillo,R,SEA,BOS,2023-05-16,15729
Nick Pivetta,R,BOS,SEA,2023-05-16,36234
Jalen Beeks,L,TBR,NYM,2023-05-16,37991
Yonny Chirinos,R,NYM,TBR,2023-05-16,38039
Wade Miley,L,MIL,STL,2023-05-16,11462
Jordan Montgomery,L,STL,MIL,2023-05-16,36606
Jared Shuster,L,ATL,TEX,2023-05-16,2039403
Dane Dunning,R,TEX,ATL,2023-05-16,1451963
Justin Steele,L,CHC,HOU,2023-05-16,814426
Cristian Javier,R,HOU,CHC,2023-05-16,1452665
Shane Bieber,R,CLE,CHW,2023-05-16,351838
Lance Lynn,R,CHW,CLE,2023-05-16,11292
Brandon Williamson,L,CIN,COL,2023-05-16,2039137
Chase Anderson,R,COL,CIN,2023-05-16,16064
Brady Singer,R,KCR,SDP,2023-05-16,2038877
Seth Lugo,R,SDP,KCR,2023-05-16,34718
Tommy Henry,L,ARI,OAK,2023-05-16,2039352
Kyle Muller,L,OAK,ARI,2023-05-16,2039402
Zack Wheeler,R,PHI,SFG,2023-05-16,15862
Alex Cobb,R,SFG,PHI,2023-05-16,11168
Bailey Ober,R,MIN,LAD,2023-05-16,2441077
Clayton Kershaw,L,LAD,MIN,2023-05-16,10905
Rich Hill,L,PIT,DET,2023-05-17,11187,448179,hillri01
Eduardo Rodriguez,L,DET,PIT,2023-05-17,16174,593958,rodried05
Graham Ashcraft,R,CIN,COL,2023-05-17,3522094,668933,ashcrgr01
Austin Gomber,L,COL,CIN,2023-05-17,38021,596295,gombeau01
Sonny Gray,R,MIN,LAD,2023-05-17,14979,543243,grayso01
Dustin May,R,LAD,MIN,2023-05-17,1206050,669160,maydu01
Ryne Nelson,R,ARI,OAK,2023-05-17,3776185,669194,nelsory01
Luis Medina,R,OAK,ARI,2023-05-17,1452199,665622,medinlu02
Taijuan Walker,R,PHI,SFG,2023-05-17,15266,592836,walketa01
Ross Stripling,R,SFG,PHI,2023-05-17,16188,548389,stripro01
Carlos Hernandez,R,KCR,SDP,2023-05-17,1452081,672578,hernaca04
Yu Darvish,R,SDP,KCR,2023-05-17,13412,506433,darviyu01
Griffin Canning,R,LAA,BAL,2023-05-17,980775,656288,cannigr01
Kyle Bradish,R,BAL,LAA,2023-05-17,2106116,680694,bradiky01
MacKenzie Gore,L,WAS,MIA,2023-05-17,2039965,669022,gorema01
Edward Cabrera,R,MIA,WAS,2023-05-17,1452626,665795,cabreed02
Gerrit Cole,R,NYY,TOR,2023-05-17,15859,543037,colege01
Chris Bassitt,R,TOR,NYY,2023-05-17,17633,605135,bassich01
Marco Gonzales,L,SEA,BOS,2023-05-17,17509,594835,gonzama02
Brayan Bello,R,BOS,SEA,2023-05-17,3201947,678394,bellobr01
Josh Fleming,L,TBR,NYM,2023-05-17,2039184,676596,flemijo01
Kodai Senga,R,NYM,TBR,2023-05-17,4552262,673540,sengako01
Corbin Burnes,R,MIL,STL,2023-05-17,449732,669203,burneco01
Matthew Liberatore,L,STL,MIL,2023-05-17,2040078,669461,liberma01
Spencer Strider,R,ATL,TEX,2023-05-17,3116717,675911,stridsp01
Nathan Eovaldi,R,TEX,ATL,2023-05-17,11440,543135,eovalna01
Peyton Battenfield,R,CLE,CHW,2023-05-17,4599696,685410,battepe01
Mike Clevinger,R,CHW,CLE,2023-05-17,34646,605182,clevimi01
Drew Smyly,L,CHC,HOU,2023-05-17,13432,592767,smylydr01
J.P. France,R,HOU,CHC,2023-05-17,4266813,,
Tyler Anderson,L,LAA,BAL,2023-05-18,16126,542881,anderty01
Tyler Wells,R,BAL,LAA,2023-05-18,2500250,669330,wellsty01
Trevor Williams,R,WAS,MIA,2023-05-18,35715,592866,willitr01
Eury Perez,R,MIA,WAS,2023-05-18,4727031,691587,perezeu02
Taj Bradley,R,TBR,NYM,2023-05-18,4267539,671737,bradlta01
Tylor Megill,R,NYM,TBR,2023-05-18,2949570,656731,megilty01
Logan Allen,L,CLE,CHW,2023-05-18,4652998,671106,allenlo02
Dylan Cease,R,CHW,CLE,2023-05-18,813864,656302,ceasedy01
Nestor Cortes,L,NYY,TOR,2023-05-18,41495,641482,cortene01
Jose Berrios,R,TOR,NYY,2023-05-18,35029,621244,berrijo01
Julio Urias,L,LAD,STL,2023-05-18,17768,628711,uriasju01
Adam Wainwright,R,STL,LAD,2023-05-18,13385,425794,wainwad01
Zac Gallen,R,ARI,PIT,2023-05-19,1109352,668678,galleza01
Johan Oviedo,R,PIT,ARI,2023-05-19,2040079,670912,oviedjo01
Clarke Schmidt,R,NYY,CIN,2023-05-19,2039028,657376,schmicl01
Ben Lively,R,CIN,NYY,2023-05-19,36232,594902,livelbe01
Adrian Houser,R,MIL,TBR,2023-05-19,31643,605288,housead01
Shane McClanahan,L,TBR,MIL,2023-05-19,2039185,663556,mcclash01
Matthew Boyd,L,DET,WAS,2023-05-19,18952,571510,boydma01
Jake Irvin,R,WAS,DET,2023-05-19,2040132,663623,irvinja01
Marcus Stroman,R,CHC,PHI,2023-05-19,16408,573186,stromma01
Ranger Suarez,L,PHI,CHC,2023-05-19,38029,624133,suarera01
Kyle Gibson,R,BAL,TOR,2023-05-19,15867,502043,gibsoky01
Yusei Kikuchi,L,TOR,BAL,2023-05-19,814189,579328,kikucyu01
Cal Quantrill,R,CLE,NYM,2023-05-19,989701,615698,quantca01
Carlos Carrasco,R,NYM,CLE,2023-05-19,10678,471911,carraca01
Bryce Miller,R,SEA,ATL,2023-05-19,4686360,682243,millebr04
Bryce Elder,R,ATL,SEA,2023-05-19,3456890,693821,elderbr01
Karl Kauffmann,R,COL,TEX,2023-05-19,2076524,666154,
Martin Perez,L,TEX,COL,2023-05-19,13502,527048,perezma02
Zack Greinke,R,KCR,CHW,2023-05-19,11175,425844,greinza01
Michael Kopech,R,CHW,KCR,2023-05-19,500626,656629,kopecmi01
Ken Waldichuk,L,OAK,HOU,2023-05-19,3763400,686610,waldike01
Brandon Bielak,R,HOU,OAK,2023-05-19,2039657,656232,bielabr01
Tony Gonsolin,R,LAD,STL,2023-05-19,935323,664062,gonsoto01
Steven Matz,L,STL,LAD,2023-05-19,17596,571927,matzst01
Joe Ryan,R,MIN,LAA,2023-05-19,2039186,657746,ryanjo04
Reid Detmers,L,LAA,MIN,2023-05-19,2038930,672282,detmere01
James Paxton,L,BOS,SDP,2023-05-19,15267,572020,paxtoja01
Blake Snell,L,SDP,BOS,2023-05-19,22658,605483,snellbl01
Sandy Alcantara,R,MIA,SFG,2023-05-19,37550,645261,alcansa01
Anthony DeSclafani,R,SFG,MIA,2023-05-19,17708,543101,desclan01
Jordan Lyles,R,KCR,CHW,2023-05-20,11285,543475,lylesjo01
Lucas Giolito,R,CHW,KCR,2023-05-20,35242,608337,giolilu01
Grayson Rodriguez,R,BAL,TOR,2023-05-20,2081707,680570,rodrigr01
Alek Manoah,R,TOR,BAL,2023-05-20,2039296,666201,manoaal01
Brandon Pfaadt,R,ARI,PIT,2023-05-20,4690893,694297,pfaadbr01
Mitch Keller,R,PIT,ARI,2023-05-20,814787,656605,kellemi03
Jameson Taillon,R,CHC,PHI,2023-05-20,16116,592791,taillja01
Aaron Nola,R,PHI,CHC,2023-05-20,21538,605400,nolaaa01
Braxton Garrett,L,MIA,SFG,2023-05-20,2039597,666129,garrebr01
Logan Webb,R,SFG,MIA,2023-05-20,814868,657277,webblo01
Alex Faedo,R,DET,WAS,2023-05-20,2038817,656412,faedoal01
Patrick Corbin,L,WAS,DET,2023-05-20,13434,571578,corbipa01
Kyle Freeland,L,COL,TEX,2023-05-20,36592,607536,freelky01
Jon Gray,R,TEX,COL,2023-05-20,17630,592351,grayjo02
JP Sears,L,OAK,HOU,2023-05-20,3203908,676664,searsjp01
Hunter Brown,R,HOU,OAK,2023-05-20,3776186,686613,brownhu01
Eric Lauer,L,MIL,TBR,2023-05-20,259699,641778,lauerer01
Zach Eflin,R,TBR,MIL,2023-05-20,35145,621107,eflinza01
Tanner Bibee,R,CLE,NYM,2023-05-20,4663938,676440,bibeeta01
Max Scherzer,R,NYM,CLE,2023-05-20,10934,453286,scherma01
Jhony Brito,R,NYY,CIN,2023-05-20,4061565,666745,britojh01
Luke Weaver,R,CIN,NYY,2023-05-20,35644,596133,weavelu01
Logan Gilbert,R,SEA,ATL,2023-05-20,2039132,669302,gilbelo01
Jesse Chavez,R,ATL,SEA,2023-05-20,13789,445926,chaveje01
Noah Syndergaard,R,LAD,STL,2023-05-20,17627,592789,syndeno01
Miles Mikolas,R,STL,LAD,2023-05-20,13737,571945,mikolmi01
Louie Varland,R,MIN,LAA,2023-05-20,3783412,686973,varlalo01
Patrick Sandoval,L,LAA,MIN,2023-05-20,1210009,663776,sandopa02
Chris Sale,L,BOS,SDP,2023-05-20,10976,519242,salech01
Joe Musgrove,R,SDP,BOS,2023-05-20,34672,605397,musgrjo01
Luis Severino,R,NYY,CIN,2023-05-21,21546,622663,severlu01
Hunter Greene,R,CIN,NYY,2023-05-21,2060921,668881,greenhu01
Joey Wentz,L,DET,WAS,2023-05-21,2440928,666214,wentzjo01
Josiah Gray,R,WAS,DET,2023-05-21,2039710,680686,grayjo03
Justin Steele,L,CHC,PHI,2023-05-21,814426,657006,steelju01
Taijuan Walker,R,PHI,CHC,2023-05-21,15266,592836,walketa01
George Kirby,R,SEA,ATL,2023-05-21,2039134,669923,kirbyge01
Jared Shuster,L,ATL,SEA,2023-05-21,2039403,694363,shustja01
Merrill Kelly,R,ARI,PIT,2023-05-21,16363,518876,kellyme01
Roansy Contreras,R,PIT,ARI,2023-05-21,2441121,672710,contrro01
Dean Kremer,R,BAL,TOR,2023-05-21,1451925,665152,kremede01
Kevin Gausman,R,TOR,BAL,2023-05-21,15840,592332,gausmke01
Tanner Bibee,R,CLE,NYM,2023-05-21,4663938,676440,bibeeta01
Max Scherzer,R,NYM,CLE,2023-05-21,10934,453286,scherma01
Freddy Peralta,R,MIL,TBR,2023-05-21,42165,642547,peralfr01
Jalen Beeks,L,TBR,MIL,2023-05-21,37991,656222,beeksja02
James Kaprielian,R,OAK,HOU,2023-05-21,814149,621076,kaprija01
Framber Valdez,L,HOU,OAK,2023-05-21,503797,664285,valdefr01
Carlos Hernandez,R,KCR,CHW,2023-05-21,1452081,,
Lance Lynn,R,CHW,KCR,2023-05-21,11292,458681,lynnla01
Clayton Kershaw,L,LAD,STL,2023-05-21,10905,477132,kershcl01
Jack Flaherty,R,STL,LAD,2023-05-21,37542,656427,flaheja01
Connor Seabold,R,COL,TEX,2023-05-21,2039865,657756,seaboco01
Andrew Heaney,L,TEX,COL,2023-05-21,17566,571760,heanean01
Jesus Luzardo,L,MIA,SFG,2023-05-21,1266776,666200,luzarje01
Alex Wood,L,SFG,MIA,2023-05-21,15846,622072,woodal02
Pablo Lopez,R,MIN,LAA,2023-05-21,42487,641154,lopezpa01
Shohei Ohtani,R,LAA,MIN,2023-05-21,41843,660271,ohtansh01
Corey Kluber,R,BOS,SDP,2023-05-21,11495,446372,klubeco01
Michael Wacha,R,SDP,BOS,2023-05-21,15848,608379,wachami01
Shane Bieber,R,CLE,NYM,2023-05-21,351838,669456,biebesh01
Justin Verlander,R,NYM,CLE,2023-05-21,10908,434378,verlaju01
Jesse Scholtens,R,CHW,CLE,2023-05-22,4581633,669947,scholje01
Hunter Gaddis,R,CLE,CHW,2023-05-22,3676054,683769,gaddihu01
Dane Dunning,R,TEX,PIT,2023-05-22,1451963,641540,dunnida01
Luis Ortiz,R,PIT,TEX,2023-05-22,3803321,682847,ortizlu03
Tommy Henry,L,ARI,PHI,2023-05-22,2039352,674072,henryto01
Zack Wheeler,R,PHI,ARI,2023-05-22,15862,554430,wheelza01
Jordan Montgomery,L,STL,CIN,2023-05-22,36606,656756,montgjo01
Brandon Williamson,L,CIN,STL,2023-05-22,2039137,682227,willibr02
Chris Bassitt,R,TOR,TBR,2023-05-22,17633,605135,bassich01
Trevor Kelley,R,TBR,TOR,2023-05-22,36552,665001,kelletr01
Gavin Stone,R,LAD,ATL,2023-05-22,4690892,694813,stonega01
Charlie Morton,R,ATL,LAD,2023-05-22,10985,450203,mortoch02
Michael Lorenzen,R,DET,KCR,2023-05-22,17488,547179,lorenmi01
Brady Singer,R,KCR,DET,2023-05-22,2038877,663903,singebr01
Cristian Javier,R,HOU,MIL,2023-05-22,1452665,664299,javiecr01
Corbin Burnes,R,MIL,HOU,2023-05-22,449732,669203,burneco01
John Brebbia,R,SFG,MIN,2023-05-22,36795,605154,brebbjo01
Bailey Ober,R,MIN,SFG,2023-05-22,2441077,641927,oberba01
Edward Cabrera,R,MIA,COL,2023-05-22,1452626,665795,cabreed02
Chase Anderson,R,COL,MIA,2023-05-22,16064,502624,anderch01
Tanner Houck,R,BOS,LAA,2023-05-22,2044741,656557,houckta01
Jaime Barria,R,LAA,BOS,2023-05-22,38005,642545,barrija01
Kyle Muller,L,OAK,SEA,2023-05-22,2039402,666205,mulleky01
Luis Castillo,R,SEA,OAK,2023-05-22,15729,622491,castilu02
Dylan Cease,R,CHW,CLE,2023-05-23,813864,656302,ceasedy01
Logan Allen,L,CLE,CHW,2023-05-23,4652998,671106,allenlo02
Nathan Eovaldi,R,TEX,PIT,2023-05-23,11440,543135,eovalna01
Rich Hill,L,PIT,TEX,2023-05-23,11187,448179,hillri01
Adam Wainwright,R,STL,CIN,2023-05-23,13385,425794,wainwad01
Graham Ashcraft,R,CIN,STL,2023-05-23,3522094,668933,ashcrgr01
Jose Berrios,R,TOR,TBR,2023-05-23,35029,621244,berrijo01
Taj Bradley,R,TBR,TOR,2023-05-23,4267539,671737,bradlta01
Ryne Nelson,R,ARI,PHI,2023-05-23,3776185,669194,nelsory01
Matt Strahm,L,PHI,ARI,2023-05-23,34643,621381,strahma01
Kyle Bradish,R,BAL,NYY,2023-05-23,2106116,680694,bradiky01
Gerrit Cole,R,NYY,BAL,2023-05-23,15859,543037,colege01
Yu Darvish,R,SDP,WAS,2023-05-23,13412,506433,darviyu01
MacKenzie Gore,L,WAS,SDP,2023-05-23,2039965,669022,gorema01
Bobby Miller,R,LAD,ATL,2023-05-23,2051949,676272,
Spencer Strider,R,ATL,LAD,2023-05-23,3116717,675911,stridsp01
Kodai Senga,R,NYM,CHC,2023-05-23,4552262,673540,sengako01
Drew Smyly,L,CHC,NYM,2023-05-23,13432,592767,smylydr01
Eduardo Rodriguez,L,DET,KCR,2023-05-23,16174,593958,rodried05
Daniel Lynch,L,KCR,DET,2023-05-23,2038876,,
J.P. France,R,HOU,MIL,2023-05-23,4266813,641585,francjp01
Colin Rea,R,MIL,HOU,2023-05-23,21810,607067,reaco01
Alex Cobb,R,SFG,MIN,2023-05-23,11168,502171,cobbal01
Sonny Gray,R,MIN,SFG,2023-05-23,14979,543243,grayso01
Eury Perez,R,MIA,COL,2023-05-23,4727031,691587,perezeu02
Austin Gomber,L,COL,MIA,2023-05-23,38021,596295,gombeau01
Brayan Bello,R,BOS,LAA,2023-05-23,3201947,678394,bellobr01
Griffin Canning,R,LAA,BOS,2023-05-23,980775,656288,cannigr01
Luis Medina,R,OAK,SEA,2023-05-23,1452199,665622,medinlu02
Marco Gonzales,L,SEA,OAK,2023-05-23,17509,594835,gonzama02
Martin Perez,L,TEX,PIT,2023-05-24,13502,527048,perezma02
Johan Oviedo,R,PIT,TEX,2023-05-24,2040079,670912,oviedjo01
Zac Gallen,R,ARI,PHI,2023-05-24,1109352,668678,galleza01
Ranger Suarez,L,PHI,ARI,2023-05-24,38029,624133,suarera01
Michael Kopech,R,CHW,CLE,2023-05-24,500626,656629,kopecmi01
Cal Quantrill,R,CLE,CHW,2023-05-24,989701,615698,quantca01
Anthony DeSclafani,R,SFG,MIN,2023-05-24,17708,543101,desclan01
Joe Ryan,R,MIN,SFG,2023-05-24,2039186,657746,ryanjo04
Brandon Bielak,R,HOU,MIL,2023-05-24,2039657,656232,bielabr01
Adrian Houser,R,MIL,HOU,2023-05-24,31643,605288,housead01
Steven Matz,L,STL,CIN,2023-05-24,17596,571927,matzst01
Ben Lively,R,CIN,STL,2023-05-24,36232,594902,livelbe01
Yusei Kikuchi,L,TOR,TBR,2023-05-24,814189,579328,kikucyu01
Shane McClanahan,L,TBR,TOR,2023-05-24,2039185,663556,mcclash01
Ryan Weathers,L,SDP,WAS,2023-05-24,2039967,677960,weathry01
Trevor Williams,R,WAS,SDP,2023-05-24,35715,592866,willitr01
Tyler Wells,R,BAL,NYY,2023-05-24,2500250,669330,wellsty01
Nestor Cortes,L,NYY,BAL,2023-05-24,41495,641482,cortene01
Tony Gonsolin,R,LAD,ATL,2023-05-24,935323,664062,gonsoto01
Bryce Elder,R,ATL,LAD,2023-05-24,3456890,693821,elderbr01
Kodai Senga,R,NYM,CHC,2023-05-24,4552262,673540,sengako01
Marcus Stroman,R,CHC,NYM,2023-05-24,16408,573186,stromma01
Matthew Boyd,L,DET,KCR,2023-05-24,18952,571510,boydma01
Zack Greinke,R,KCR,DET,2023-05-24,11175,425844,greinza01
Sandy Alcantara,R,MIA,COL,2023-05-24,37550,645261,alcansa01
Karl Kauffmann,R,COL,MIA,2023-05-24,2076524,666154,kauffka01
James Paxton,L,BOS,LAA,2023-05-24,15267,572020,paxtoja01
Tyler Anderson,L,LAA,BOS,2023-05-24,16126,542881,anderty01
Ken Waldichuk,L,OAK,SEA,2023-05-24,3763400,686610,waldike01
Bryce Miller,R,SEA,OAK,2023-05-24,4686360,682243,millebr04
Miles Mikolas,R,STL,CIN,2023-05-25,13737,571945,mikolmi01
Luke Weaver,R,CIN,STL,2023-05-25,35644,596133,weavelu01
Alek Manoah,R,TOR,TBR,2023-05-25,2039296,666201,manoaal01
Zach Eflin,R,TBR,TOR,2023-05-25,35145,621107,eflinza01
Braxton Garrett,L,MIA,COL,2023-05-25,2039597,666129,garrebr01
Kyle Freeland,L,COL,MIA,2023-05-25,36592,607536,freelky01
Blake Snell,L,SDP,WAS,2023-05-25,22658,605483,snellbl01
Jake Irvin,R,WAS,SDP,2023-05-25,2040132,663623,irvinja01
Lucas Giolito,R,CHW,DET,2023-05-25,35242,608337,giolilu01
Alex Faedo,R,DET,CHW,2023-05-25,2038817,656412,faedoal01
Kyle Gibson,R,BAL,NYY,2023-05-25,15867,502043,gibsoky01
Clarke Schmidt,R,NYY,BAL,2023-05-25,2039028,657376,schmicl01
Aaron Nola,R,PHI,ATL,2023-05-25,21538,605400,nolaaa01
Dylan Dodd,L,ATL,PHI,2023-05-25,4560601,689266,dodddy01
Scott Alexander,L,SFG,MIL,2023-05-25,17490,518397,alexasc02
Julio Teheran,R,MIL,SFG,2023-05-25,11191,527054,teherju01
Carlos Carrasco,R,NYM,CHC,2023-05-25,10678,471911,carraca01
Kyle Hendricks,R,CHC,NYM,2023-05-25,16517,543294,hendrky01
JP Sears,L,OAK,SEA,2023-05-25,3203908,676664,searsjp01
Logan Gilbert,R,SEA,OAK,2023-05-25,2039132,669302,gilbelo01
Hunter Greene,R,CIN,CHC,2023-05-26,2060921,668881,greenhu01
Justin Steele,L,CHC,CIN,2023-05-26,814426,657006,steelju01
Noah Syndergaard,R,LAD,TBR,2023-05-26,17627,592789,syndeno01
Jalen Beeks,L,TBR,LAD,2023-05-26,37991,656222,beeksja02
Lance Lynn,R,CHW,DET,2023-05-26,11292,458681,lynnla01
Joey Wentz,L,DET,CHW,2023-05-26,2440928,666214,wentzjo01
Jon Gray,R,TEX,BAL,2023-05-26,17630,592351,grayjo02
Grayson Rodriguez,R,BAL,TEX,2023-05-26,2081707,680570,rodrigr01
Joe Musgrove,R,SDP,NYY,2023-05-26,34672,605397,musgrjo01
Randy Vasquez,R,NYY,SDP,2023-05-26,4061566,681190,
Matthew Liberatore,L,STL,CLE,2023-05-26,2040078,669461,liberma01
Shane Bieber,R,CLE,STL,2023-05-26,351838,669456,biebesh01
Taijuan Walker,R,PHI,ATL,2023-05-26,15266,592836,walketa01
Jared Shuster,L,ATL,PHI,2023-05-26,2039403,694363,shustja01
Kevin Gausman,R,TOR,MIN,2023-05-26,15840,592332,gausmke01
Louie Varland,R,MIN,TOR,2023-05-26,3783412,686973,varlalo01
Alex Wood,L,SFG,MIL,2023-05-26,15846,622072,woodal02
Freddy Peralta,R,MIL,SFG,2023-05-26,42165,642547,peralfr01
Patrick Corbin,L,WAS,KCR,2023-05-26,13434,571578,corbipa01
Jordan Lyles,R,KCR,WAS,2023-05-26,11285,543475,lylesjo01
Max Scherzer,R,NYM,COL,2023-05-26,10934,453286,scherma01
Connor Seabold,R,COL,NYM,2023-05-26,2039865,657756,seaboco01
Jesus Luzardo,L,MIA,LAA,2023-05-26,1266776,666200,luzarje01
Reid Detmers,L,LAA,MIA,2023-05-26,2038930,672282,detmere01
Hunter Brown,R,HOU,OAK,2023-05-26,3776186,686613,brownhu01
James Kaprielian,R,OAK,HOU,2023-05-26,814149,621076,kaprija01
Chris Sale,L,BOS,ARI,2023-05-26,10976,519242,salech01
Brandon Pfaadt,R,ARI,BOS,2023-05-26,4690893,694297,pfaadbr01
Mitch Keller,R,PIT,SEA,2023-05-26,814787,656605,kellemi03
George Kirby,R,SEA,PIT,2023-05-26,2039134,669923,kirbyge01
Michael Wacha,R,SDP,NYY,2023-05-27,15848,608379,wachami01
Luis Severino,R,NYY,SDP,2023-05-27,21546,622663,severlu01
Jesse Scholtens,R,CHW,DET,2023-05-27,4581633,669947,scholje01
Michael Lorenzen,R,DET,CHW,2023-05-27,17488,547179,lorenmi01
Chris Bassitt,R,TOR,MIN,2023-05-27,17633,605135,bassich01
Pablo Lopez,R,MIN,TOR,2023-05-27,42487,641154,lopezpa01
Andrew Heaney,L,TEX,BAL,2023-05-27,17566,571760,heanean01
Dean Kremer,R,BAL,TEX,2023-05-27,1451925,665152,kremede01
Framber Valdez,L,HOU,OAK,2023-05-27,503797,664285,valdefr01
Hogan Harris,L,OAK,HOU,2023-05-27,4267224,663687,harriho03
Clayton Kershaw,L,LAD,TBR,2023-05-27,10905,477132,kershcl01
Tyler Glasnow,R,TBR,LAD,2023-05-27,34679,607192,glasnty01
Zack Wheeler,R,PHI,ATL,2023-05-27,15862,554430,wheelza01
Charlie Morton,R,ATL,PHI,2023-05-27,10985,450203,mortoch02
Josiah Gray,R,WAS,KCR,2023-05-27,2039710,680686,grayjo03
Brady Singer,R,KCR,WAS,2023-05-27,2038877,663903,singebr01
Vince Velasquez,R,PIT,SEA,2023-05-27,18877,592826,velasvi01
Luis Castillo,R,SEA,PIT,2023-05-27,15729,622491,castilu02
Logan Webb,R,SFG,MIL,2023-05-27,814868,657277,webblo01
Corbin Burnes,R,MIL,SFG,2023-05-27,449732,669203,burneco01
Garrett Whitlock,R,BOS,ARI,2023-05-27,2500210,676477,whitlga01
Zach Davies,R,ARI,BOS,2023-05-27,22664,605200,davieza02
Brandon Williamson,L,CIN,CHC,2023-05-27,2039137,682227,willibr02
Jameson Taillon,R,CHC,CIN,2023-05-27,16116,592791,taillja01
Jack Flaherty,R,STL,CLE,2023-05-27,37542,656427,flaheja01
Tanner Bibee,R,CLE,STL,2023-05-27,4663938,676440,bibeeta01
Justin Verlander,R,NYM,COL,2023-05-27,10908,434378,verlaju01
Chase Anderson,R,COL,NYM,2023-05-27,16064,502624,anderch01
Edward Cabrera,R,MIA,LAA,2023-05-27,1452626,665795,cabreed02
Shohei Ohtani,R,LAA,MIA,2023-05-27,41843,660271,ohtansh01
Gavin Stone,R,LAD,TBR,2023-05-28,4690892,694813,stonega01
Taj Bradley,R,TBR,LAD,2023-05-28,4267539,671737,bradlta01
Cody Bradford,L,TEX,BAL,2023-05-28,4742829,674003,bradfco01
Kyle Bradish,R,BAL,TEX,2023-05-28,2106116,680694,bradiky01
Yu Darvish,R,SDP,NYY,2023-05-28,13412,506433,darviyu01
Gerrit Cole,R,NYY,SDP,2023-05-28,15859,543037,colege01
Dylan Cease,R,CHW,DET,2023-05-28,813864,656302,ceasedy01
Eduardo Rodriguez,L,DET,CHW,2023-05-28,16174,593958,rodried05
Jordan Montgomery,L,STL,CLE,2023-05-28,36606,656756,montgjo01
Hunter Gaddis,R,CLE,STL,2023-05-28,3676054,683769,gaddihu01
MacKenzie Gore,L,WAS,KCR,2023-05-28,2039965,669022,gorema01
Daniel Lynch,L,KCR,WAS,2023-05-28,2038876,663738,lynchda02
Alex Cobb,R,SFG,MIL,2023-05-28,11168,502171,cobbal01
Colin Rea,R,MIL,SFG,2023-05-28,21810,607067,reaco01
Jose Berrios,R,TOR,MIN,2023-05-28,35029,621244,berrijo01
Bailey Ober,R,MIN,TOR,2023-05-28,2441077,641927,oberba01
Graham Ashcraft,R,CIN,CHC,2023-05-28,3522094,668933,ashcrgr01
Drew Smyly,L,CHC,CIN,2023-05-28,13432,592767,smylydr01
Tylor Megill,R,NYM,COL,2023-05-28,2949570,656731,megilty01
Austin Gomber,L,COL,NYM,2023-05-28,38021,596295,gombeau01
Eury Perez,R,MIA,LAA,2023-05-28,4727031,691587,perezeu02
Patrick Sandoval,L,LAA,MIA,2023-05-28,1210009,663776,sandopa02
Cristian Javier,R,HOU,OAK,2023-05-28,1452665,664299,javiecr01
Luis Medina,R,OAK,HOU,2023-05-28,1452199,665622,medinlu02
Tanner Houck,R,BOS,ARI,2023-05-28,2044741,656557,houckta01
Merrill Kelly,R,ARI,BOS,2023-05-28,16363,518876,kellyme01
Luis Ortiz,R,PIT,SEA,2023-05-28,3803321,682847,ortizlu03
Marco Gonzales,L,SEA,PIT,2023-05-28,17509,594835,gonzama02
Dylan Covey,R,PHI,ATL,2023-05-28,36263,592229,coveydy01
Spencer Strider,R,ATL,PHI,2023-05-28,3116717,675911,stridsp01
Logan Allen,L,CLE,BAL,2023-05-29,4652998,671106,allenlo02
Tyler Wells,R,BAL,CLE,2023-05-29,2500250,669330,wellsty01
Nathan Eovaldi,R,TEX,DET,2023-05-29,11440,543135,eovalna01
Matthew Boyd,L,DET,TEX,2023-05-29,18952,571510,boydma01
Joshua Staumont,R,KCR,STL,2023-05-29,813989,,
Mike Mayers,R,STL,KCR,2023-05-29,35328,,
Taj Bradley,R,TBR,CHC,2023-05-29,4267539,671737,bradlta01
Marcus Stroman,R,CHC,TBR,2023-05-29,16408,573186,stromma01
Karl Kauffmann,R,COL,ARI,2023-05-29,2076524,666154,kauffka01
Ryne Nelson,R,ARI,COL,2023-05-29,3776185,669194,nelsory01
Sonny Gray,R,MIN,HOU,2023-05-29,14979,543243,grayso01
J.P. France,R,HOU,MIN,2023-05-29,4266813,641585,francjp01
Rich Hill,L,PIT,SFG,2023-05-29,11187,448179,hillri01
Anthony DeSclafani,R,SFG,PIT,2023-05-29,17708,543101,desclan01
Mike Soroka,R,ATL,OAK,2023-05-29,276320,,
Paul Blackburn,R,OAK,ATL,2023-05-29,36242,621112,blackpa01
Griffin Canning,R,LAA,CHW,2023-05-29,980775,656288,cannigr01
Michael Kopech,R,CHW,LAA,2023-05-29,500626,656629,kopecmi01
Trevor Williams,R,WAS,LAD,2023-05-29,35715,592866,willitr01
Bobby Miller,R,LAD,WAS,2023-05-29,2051949,676272,millebo06
Domingo German,R,NYY,SEA,2023-05-29,22659,593334,germado01
Bryce Miller,R,SEA,NYY,2023-05-29,4686360,682243,millebr04
Martin Perez,L,TEX,DET,2023-05-30,13502,527048,perezma02
Alex Faedo,R,DET,TEX,2023-05-30,2038817,656412,faedoal01
Ryan Weathers,L,SDP,MIA,2023-05-30,2039967,677960,weathry01
Sandy Alcantara,R,MIA,SDP,2023-05-30,37550,645261,alcansa01
Cal Quantrill,R,CLE,BAL,2023-05-30,989701,615698,quantca01
Kyle Gibson,R,BAL,CLE,2023-05-30,15867,502043,gibsoky01
Adrian Houser,R,MIL,TOR,2023-05-30,31643,605288,housead01
Yusei Kikuchi,L,TOR,MIL,2023-05-30,814189,579328,kikucyu01
Ben Lively,R,CIN,BOS,2023-05-30,36232,594902,livelbe01
Brayan Bello,R,BOS,CIN,2023-05-30,3201947,678394,bellobr01
Ranger Suarez,L,PHI,NYM,2023-05-30,38029,624133,suarera01
Kodai Senga,R,NYM,PHI,2023-05-30,4552262,673540,sengako01
Zack Greinke,R,KCR,STL,2023-05-30,11175,425844,greinza01
Miles Mikolas,R,STL,KCR,2023-05-30,13737,571945,mikolmi01
Shane McClanahan,L,TBR,CHC,2023-05-30,2039185,663556,mcclash01
Kyle Hendricks,R,CHC,TBR,2023-05-30,16517,543294,hendrky01
Joe Ryan,R,MIN,HOU,2023-05-30,2039186,657746,ryanjo04
Brandon Bielak,R,HOU,MIN,2023-05-30,2039657,656232,bielabr01
Tyler Anderson,L,LAA,CHW,2023-05-30,16126,542881,anderty01
Lucas Giolito,R,CHW,LAA,2023-05-30,35242,608337,giolilu01
Nestor Cortes,L,NYY,SEA,2023-05-30,41495,641482,cortene01
Logan Gilbert,R,SEA,NYY,2023-05-30,2039132,669302,gilbelo01
Kyle Freeland,L,COL,ARI,2023-05-30,36592,607536,freelky01
Zac Gallen,R,ARI,COL,2023-05-30,1109352,668678,galleza01
Bryce Elder,R,ATL,OAK,2023-05-30,3456890,693821,elderbr01
JP Sears,L,OAK,ATL,2023-05-30,3203908,676664,searsjp01
Johan Oviedo,R,PIT,SFG,2023-05-30,2040079,670912,oviedjo01
John Brebbia,R,SFG,PIT,2023-05-30,36795,605154,brebbjo01
Jake Irvin,R,WAS,LAD,2023-05-30,2040132,663623,irvinja01
Tony Gonsolin,R,LAD,WAS,2023-05-30,935323,664062,gonsoto01
Dane Dunning,R,TEX,DET,2023-05-31,1451963,641540,dunnida01
Joey Wentz,L,DET,TEX,2023-05-31,2440928,666214,wentzjo01
Jaime Barria,R,LAA,CHW,2023-05-31,38005,642545,barrija01
Lance Lynn,R,CHW,LAA,2023-05-31,11292,458681,lynnla01
Zach Eflin,R,TBR,CHC,2023-05-31,35145,621107,eflinza01
Justin Steele,L,CHC,TBR,2023-05-31,814426,657006,steelju01
Shane Bieber,R,CLE,BAL,2023-05-31,351838,669456,biebesh01
Austin Voth,R,BAL,CLE,2023-05-31,36172,608723,vothau01
Jared Shuster,L,ATL,OAK,2023-05-31,2039403,694363,shustja01
James Kaprielian,R,OAK,ATL,2023-05-31,814149,621076,kaprija01
Mitch Keller,R,PIT,SFG,2023-05-31,814787,656605,kellemi03
Alex Wood,L,SFG,PIT,2023-05-31,15846,622072,woodal02
Patrick Corbin,L,WAS,LAD,2023-05-31,13434,571578,corbipa01
Noah Syndergaard,R,LAD,WAS,2023-05-31,17627,592789,syndeno01
Blake Snell,L,SDP,MIA,2023-05-31,22658,605483,snellbl01
Braxton Garrett,L,MIA,SDP,2023-05-31,2039597,666129,garrebr01
Julio Teheran,R,MIL,TOR,2023-05-31,11191,527054,teherju01
Alek Manoah,R,TOR,MIL,2023-05-31,2039296,666201,manoaal01
Luke Weaver,R,CIN,BOS,2023-05-31,35644,596133,weavelu01
James Paxton,L,BOS,CIN,2023-05-31,15267,572020,paxtoja01
Aaron Nola,R,PHI,NYM,2023-05-31,21538,605400,nolaaa01
Carlos Carrasco,R,NYM,PHI,2023-05-31,10678,471911,carraca01
Louie Varland,R,MIN,HOU,2023-05-31,3783412,686973,varlalo01
Hunter Brown,R,HOU,MIN,2023-05-31,3776186,686613,brownhu01
Dinelson Lamet,R,COL,ARI,2023-05-31,36769,659275,lametdi01
Tommy Henry,L,ARI,COL,2023-05-31,2039352,674072,henryto01
Clarke Schmidt,R,NYY,SEA,2023-05-31,2039028,657376,schmicl01
George Kirby,R,SEA,NYY,2023-05-31,2039134,669923,kirbyge01
Tyler Alexander,L,DET,PHI,2023-06-06,1147788,641302,alexaty01
Taijuan Walker,R,PHI,DET,2023-06-06,15266,592836,walketa01
Louie Varland,R,MIN,TBR,2023-06-06,3783412,686973,varlalo01
Zach Eflin,R,TBR,MIN,2023-06-06,35145,621107,eflinza01
Zack Greinke,R,KCR,MIA,2023-06-06,11175,425844,greinza01
Jesus Luzardo,L,MIA,KCR,2023-06-06,1266776,666200,luzarje01
Tommy Henry,L,ARI,WAS,2023-06-06,2039352,674072,henryto01
Jake Irvin,R,WAS,ARI,2023-06-06,2040132,663623,irvinja01
James Kaprielian,R,OAK,PIT,2023-06-06,814149,621076,kaprija01
Mitch Keller,R,PIT,OAK,2023-06-06,814787,656605,kellemi03
Lucas Giolito,R,CHW,NYY,2023-06-06,35242,608337,giolilu01
Clarke Schmidt,R,NYY,CHW,2023-06-06,2039028,657376,schmicl01
Hunter Brown,R,HOU,TOR,2023-06-06,3776186,686613,brownhu01
Kevin Gausman,R,TOR,HOU,2023-06-06,15840,592332,gausmke01
James Paxton,L,BOS,CLE,2023-06-06,15267,572020,paxtoja01
Shane Bieber,R,CLE,BOS,2023-06-06,351838,669456,biebesh01
Tony Gonsolin,R,LAD,CIN,2023-06-06,935323,664062,gonsoto01
Luke Weaver,R,CIN,LAD,2023-06-06,35644,596133,weavelu01
Carlos Carrasco,R,NYM,ATL,2023-06-06,10678,471911,carraca01
Bryce Elder,R,ATL,NYM,2023-06-06,3456890,693821,elderbr01
Kyle Gibson,R,BAL,MIL,2023-06-06,15867,502043,gibsoky01
Freddy Peralta,R,MIL,BAL,2023-06-06,42165,642547,peralfr01
Matthew Liberatore,L,STL,TEX,2023-06-06,2040078,669461,liberma01
Dane Dunning,R,TEX,STL,2023-06-06,1451963,641540,dunnida01
John Brebbia,R,SFG,COL,2023-06-06,36795,605154,brebbjo01
Sean Manaea,L,COL,SFG,2023-06-06,35031,,
Hayden Wesneski,R,CHC,LAA,2023-06-06,3738273,669713,wesneha01
Tyler Anderson,L,LAA,CHC,2023-06-06,16126,542881,anderty01
Logan Gilbert,R,SEA,SDP,2023-06-06,2039132,669302,gilbelo01
Joe Musgrove,R,SDP,SEA,2023-06-06,34672,605397,musgrjo01
Hogan Harris,L,OAK,PIT,2023-06-07,4267224,663687,harriho03
Roansy Contreras,R,PIT,OAK,2023-06-07,2441121,672710,contrro01
George Kirby,R,SEA,SDP,2023-06-07,2039134,669923,kirbyge01
Michael Wacha,R,SDP,SEA,2023-06-07,15848,608379,wachami01
Reese Olson,R,DET,PHI,2023-06-07,4266773,681857,olsonre01
Zack Wheeler,R,PHI,DET,2023-06-07,15862,554430,wheelza01
Jordan Lyles,R,KCR,MIA,2023-06-07,11285,543475,lylesjo01
Edward Cabrera,R,MIA,KCR,2023-06-07,1452626,665795,cabreed02
Pablo Lopez,R,MIN,TBR,2023-06-07,42487,641154,lopezpa01
Cooper Criswell,R,TBR,MIN,2023-06-07,3054777,,
Lance Lynn,R,CHW,NYY,2023-06-07,11292,458681,lynnla01
Randy Vasquez,R,NYY,CHW,2023-06-07,4061566,681190,vasqura02
Zach Davies,R,ARI,WAS,2023-06-07,22664,605200,davieza02
Patrick Corbin,L,WAS,ARI,2023-06-07,13434,571578,corbipa01
Ronel Blanco,R,HOU,TOR,2023-06-07,3448186,669854,blancro01
Chris Bassitt,R,TOR,HOU,2023-06-07,17633,605135,bassich01
Noah Syndergaard,R,LAD,CIN,2023-06-07,17627,592789,syndeno01
Brandon Williamson,L,CIN,LAD,2023-06-07,2039137,682227,willibr02
Kutter Crawford,R,BOS,CLE,2023-06-07,3070067,676710,crawfku01
Tanner Bibee,R,CLE,BOS,2023-06-07,4663938,676440,bibeeta01
Max Scherzer,R,NYM,ATL,2023-06-07,10934,453286,scherma01
Charlie Morton,R,ATL,NYM,2023-06-07,10985,450203,mortoch02
Dean Kremer,R,BAL,MIL,2023-06-07,1451925,665152,kremede01
Corbin Burnes,R,MIL,BAL,2023-06-07,449732,669203,burneco01
Jack Flaherty,R,STL,TEX,2023-06-07,37542,656427,flaheja01
Jon Gray,R,TEX,STL,2023-06-07,17630,592351,grayjo02
Logan Webb,R,SFG,COL,2023-06-07,814868,657277,webblo01
Connor Seabold,R,COL,SFG,2023-06-07,2039865,657756,seaboco01
Jameson Taillon,R,CHC,LAA,2023-06-07,16116,592791,taillja01
Jaime Barria,R,LAA,CHC,2023-06-07,38005,642545,barrija01
Clayton Kershaw,L,LAD,CIN,2023-06-08,10905,477132,kershcl01
Graham Ashcraft,R,CIN,LAD,2023-06-08,3522094,668933,ashcrgr01
Merrill Kelly,R,ARI,WAS,2023-06-08,16363,518876,kellyme01
Josiah Gray,R,WAS,ARI,2023-06-08,2039710,680686,grayjo03
Bailey Ober,R,MIN,TBR,2023-06-08,2441077,641927,oberba01
Tyler Glasnow,R,TBR,MIN,2023-06-08,34679,,
Kyle Bradish,R,BAL,MIL,2023-06-08,2106116,680694,bradiky01
Colin Rea,R,MIL,BAL,2023-06-08,21810,607067,reaco01
Alex Cobb,R,SFG,COL,2023-06-08,11168,502171,cobbal01
Chase Anderson,R,COL,SFG,2023-06-08,16064,502624,anderch01
Lance Lynn,R,CHW,NYY,2023-06-08,11292,458681,lynnla01
Luis Severino,R,NYY,CHW,2023-06-08,21546,622663,severlu01
Tyler Holton,L,DET,PHI,2023-06-08,3484369,663947,holtoty01
Zack Wheeler,R,PHI,DET,2023-06-08,15862,554430,wheelza01
Framber Valdez,L,HOU,TOR,2023-06-08,503797,664285,valdefr01
Jose Berrios,R,TOR,HOU,2023-06-08,35029,621244,berrijo01
Matt Dermody,L,BOS,CLE,2023-06-08,35707,571616,dermoma01
Aaron Civale,R,CLE,BOS,2023-06-08,1119021,650644,civalaa01
Justin Verlander,R,NYM,ATL,2023-06-08,10908,434378,verlaju01
Spencer Strider,R,ATL,NYM,2023-06-08,3116717,675911,stridsp01
Mike Clevinger,R,CHW,NYY,2023-06-08,34646,605182,clevimi01
Randy Vasquez,R,NYY,CHW,2023-06-08,4061566,681190,vasqura02
Drew Smyly,L,CHC,LAA,2023-06-08,13432,592767,smylydr01
Reid Detmers,L,LAA,CHC,2023-06-08,2038930,672282,detmere01
Merrill Kelly,R,ARI,DET,2023-06-09,16363,518876,kellyme01
Michael Lorenzen,R,DET,ARI,2023-06-09,17488,547179,lorenmi01
Andrew Heaney,L,TEX,TBR,2023-06-09,17566,571760,heanean01
Tyler Glasnow,R,TBR,TEX,2023-06-09,34679,607192,glasnty01
Tylor Megill,R,NYM,PIT,2023-06-09,2949570,656731,megilty01
Rich Hill,L,PIT,NYM,2023-06-09,11187,448179,hillri01
Daniel Lynch,L,KCR,BAL,2023-06-09,2038876,663738,lynchda02
Tyler Wells,R,BAL,KCR,2023-06-09,2500250,669330,wellsty01
Michael Grove,R,LAD,PHI,2023-06-09,2039711,675627,grovemi01
Ranger Suarez,L,PHI,LAD,2023-06-09,38029,624133,suarera01
Garrett Whitlock,R,BOS,NYY,2023-06-09,2500210,676477,whitlga01
Gerrit Cole,R,NYY,BOS,2023-06-09,15859,543037,colege01
Sonny Gray,R,MIN,TOR,2023-06-09,14979,543243,grayso01
Yusei Kikuchi,L,TOR,MIN,2023-06-09,814189,579328,kikucyu01
Cristian Javier,R,HOU,CLE,2023-06-09,1452665,664299,javiecr01
Logan Allen,L,CLE,HOU,2023-06-09,4652998,671106,allenlo02
Josiah Gray,R,WAS,ATL,2023-06-09,2039710,680686,grayjo03
AJ Smith-Shawver,R,ATL,WAS,2023-06-09,4781778,700363,smithaj01
Eury Perez,R,MIA,CHW,2023-06-09,4727031,691587,perezeu02
Dylan Cease,R,CHW,MIA,2023-06-09,813864,656302,ceasedy01
Samuel Moll,L,OAK,MIL,2023-06-09,36160,,
Luis Medina,R,MIL,OAK,2023-06-09,1452199,665622,medinlu02
Ben Lively,R,CIN,STL,2023-06-09,36232,594902,livelbe01
Jordan Montgomery,L,STL,CIN,2023-06-09,36606,656756,montgjo01
Yu Darvish,R,SDP,COL,2023-06-09,13412,506433,darviyu01
Austin Gomber,L,COL,SDP,2023-06-09,38021,596295,gombeau01
Luis Castillo,R,SEA,LAA,2023-06-09,15729,622491,castilu02
Shohei Ohtani,R,LAA,SEA,2023-06-09,41843,660271,ohtansh01
Marcus Stroman,R,CHC,SFG,2023-06-09,16408,573186,stromma01
Anthony DeSclafani,R,SFG,CHC,2023-06-09,17708,543101,desclan01
Ryne Nelson,R,ARI,DET,2023-06-10,3776185,669194,nelsory01
Matthew Boyd,L,DET,ARI,2023-06-10,18952,571510,boydma01
Sandy Alcantara,R,MIA,CHW,2023-06-10,37550,645261,alcansa01
Michael Kopech,R,CHW,MIA,2023-06-10,500626,656629,kopecmi01
Andrew Abbott,L,CIN,STL,2023-06-10,4793713,671096,abbotan01
Miles Mikolas,R,STL,CIN,2023-06-10,13737,571945,mikolmi01
Joe Ryan,R,MIN,TOR,2023-06-10,2039186,657746,ryanjo04
Bowden Francis,R,TOR,MIN,2023-06-10,2195497,670102,francbo01
Ryan Weathers,L,SDP,COL,2023-06-10,2039967,677960,weathry01
Kyle Freeland,L,COL,SDP,2023-06-10,36592,607536,freelky01
Brady Singer,R,KCR,BAL,2023-06-10,2038877,663903,singebr01
Cole Irvin,L,BAL,KCR,2023-06-10,1016169,608344,irvinco01
Bobby Miller,R,LAD,PHI,2023-06-10,2051949,676272,millebo06
Aaron Nola,R,PHI,LAD,2023-06-10,21538,605400,nolaaa01
Kodai Senga,R,NYM,PIT,2023-06-10,4552262,673540,sengako01
Johan Oviedo,R,PIT,NYM,2023-06-10,2040079,670912,oviedjo01
MacKenzie Gore,L,WAS,ATL,2023-06-10,2039965,669022,gorema01
Jared Shuster,L,ATL,WAS,2023-06-10,2039403,694363,shustja01
Paul Blackburn,R,OAK,MIL,2023-06-10,36242,621112,blackpa01
Julio Teheran,R,MIL,OAK,2023-06-10,11191,527054,teherju01
Nathan Eovaldi,R,TEX,TBR,2023-06-10,11440,543135,eovalna01
Taj Bradley,R,TBR,TEX,2023-06-10,4267539,671737,bradlta01
J.P. France,R,HOU,CLE,2023-06-10,4266813,641585,francjp01
Triston McKenzie,R,CLE,HOU,2023-06-10,1452000,663474,mckentr01
Tanner Houck,R,BOS,NYY,2023-06-10,2044741,656557,houckta01
Domingo German,R,NYY,BOS,2023-06-10,22659,593334,germado01
Kyle Hendricks,R,CHC,SFG,2023-06-10,16517,543294,hendrky01
John Brebbia,R,SFG,CHC,2023-06-10,36795,605154,brebbjo01
Bryan Woo,R,SEA,LAA,2023-06-10,4785723,693433,woobr01
Patrick Sandoval,L,LAA,SEA,2023-06-10,1210009,663776,sandopa02
Zac Gallen,R,ARI,DET,2023-06-11,1109352,668678,galleza01
Joey Wentz,L,DET,ARI,2023-06-11,2440928,666214,wentzjo01
Brandon Bielak,R,HOU,CLE,2023-06-11,2039657,656232,bielabr01
Shane Bieber,R,CLE,HOU,2023-06-11,351838,669456,biebesh01
Carlos Carrasco,R,NYM,PIT,2023-06-11,10678,471911,carraca01
Mitch Keller,R,PIT,NYM,2023-06-11,814787,656605,kellemi03
Carlos Hernandez,R,KCR,BAL,2023-06-11,1452081,672578,hernaca04
Mike Mayers,R,BAL,KCR,2023-06-11,35328,,
Trevor Williams,R,WAS,ATL,2023-06-11,35715,592866,willitr01
Bryce Elder,R,ATL,WAS,2023-06-11,3456890,693821,elderbr01
Victor Gonzalez,L,LAD,PHI,2023-06-11,1406062,624647,gonzavi02
Taijuan Walker,R,PHI,LAD,2023-06-11,15266,592836,walketa01
Louie Varland,R,MIN,TOR,2023-06-11,3783412,686973,varlalo01
Kevin Gausman,R,TOR,MIN,2023-06-11,15840,592332,gausmke01
Martin Perez,L,TEX,TBR,2023-06-11,13502,527048,perezma02
Shane McClanahan,L,TBR,TEX,2023-06-11,2039185,663556,mcclash01
Braxton Garrett,L,MIA,CHW,2023-06-11,2039597,666129,garrebr01
Lucas Giolito,R,CHW,MIA,2023-06-11,35242,608337,giolilu01
JP Sears,L,OAK,MIL,2023-06-11,3203908,676664,searsjp01
Freddy Peralta,R,MIL,OAK,2023-06-11,42165,642547,peralfr01
Hunter Greene,R,CIN,STL,2023-06-11,2060921,668881,greenhu01
Adam Wainwright,R,STL,CIN,2023-06-11,13385,425794,wainwad01
Blake Snell,L,SDP,COL,2023-06-11,22658,605483,snellbl01
Dinelson Lamet,R,COL,SDP,2023-06-11,36769,659275,lametdi01
Hayden Wesneski,R,CHC,SFG,2023-06-11,3738273,669713,wesneha01
John Brebbia,R,SFG,CHC,2023-06-11,36795,605154,brebbjo01
Logan Gilbert,R,SEA,LAA,2023-06-11,2039132,669302,gilbelo01
Griffin Canning,R,LAA,SEA,2023-06-11,980775,656288,cannigr01
Brayan Bello,R,BOS,NYY,2023-06-11,3201947,678394,bellobr01
Clarke Schmidt,R,NYY,BOS,2023-06-11,2039028,657376,schmicl01
Charlie Morton,R,ATL,DET,2023-06-12,10985,450203,mortoch02
Tyler Alexander,L,DET,ATL,2023-06-12,1147788,,
Connor Seabold,R,COL,BOS,2023-06-12,2039865,657756,seaboco01
James Paxton,L,BOS,COL,2023-06-12,15267,572020,paxtoja01
Logan Webb,R,SFG,STL,2023-06-12,814868,657277,webblo01
Matthew Liberatore,L,STL,SFG,2023-06-12,2040078,669461,liberma01
Tyler Anderson,L,LAA,TEX,2023-06-12,16126,542881,anderty01
Dane Dunning,R,TEX,LAA,2023-06-12,1451963,641540,dunnida01
Luke Weaver,R,CIN,KCR,2023-06-12,35644,596133,weavelu01
Zack Greinke,R,KCR,CIN,2023-06-12,11175,425844,greinza01
Zach Eflin,R,TBR,OAK,2023-06-12,35145,621107,eflinza01
James Kaprielian,R,OAK,TBR,2023-06-12,814149,621076,kaprija01
Matt Strahm,L,PHI,ARI,2023-06-12,34643,621381,strahma01
Tommy Henry,L,ARI,PHI,2023-06-12,2039352,674072,henryto01
Jesus Luzardo,L,MIA,SEA,2023-06-12,1266776,666200,luzarje01
Bryce Miller,R,SEA,MIA,2023-06-12,4686360,682243,millebr04
Spencer Strider,R,ATL,DET,2023-06-13,3116717,675911,stridsp01
Reese Olson,R,DET,ATL,2023-06-13,4266773,681857,olsonre01
Chris Bassitt,R,TOR,BAL,2023-06-13,17633,605135,bassich01
Dean Kremer,R,BAL,TOR,2023-06-13,1451925,665152,kremede01
Chase Anderson,R,COL,BOS,2023-06-13,16064,502624,anderch01
Kutter Crawford,R,BOS,COL,2023-06-13,3070067,676710,crawfku01
Luis Severino,R,NYY,NYM,2023-06-13,21546,622663,severlu01
Max Scherzer,R,NYM,NYY,2023-06-13,10934,453286,scherma01
Corbin Burnes,R,MIL,MIN,2023-06-13,449732,669203,burneco01
Pablo Lopez,R,MIN,MIL,2023-06-13,42487,641154,lopezpa01
Alex Cobb,R,SFG,STL,2023-06-13,11168,502171,cobbal01
Jack Flaherty,R,STL,SFG,2023-06-13,37542,656427,flaheja01
Luis Ortiz,R,PIT,CHC,2023-06-13,3803321,682847,ortizlu03
Jameson Taillon,R,CHC,PIT,2023-06-13,16116,592791,taillja01
Jaime Barria,R,LAA,TEX,2023-06-13,38005,642545,barrija01
Cody Bradford,L,TEX,LAA,2023-06-13,4742829,674003,bradfco01
Patrick Corbin,L,WAS,HOU,2023-06-13,13434,571578,corbipa01
Hunter Brown,R,HOU,WAS,2023-06-13,3776186,686613,brownhu01
Brandon Williamson,L,CIN,KCR,2023-06-13,2039137,682227,willibr02
Jordan Lyles,R,KCR,CIN,2023-06-13,11285,543475,lylesjo01
Edward Cabrera,R,MIA,SEA,2023-06-13,1452626,665795,cabreed02
George Kirby,R,SEA,MIA,2023-06-13,2039134,669923,kirbyge01
Zack Wheeler,R,PHI,ARI,2023-06-13,15862,554430,wheelza01
Zach Davies,R,ARI,PHI,2023-06-13,22664,605200,davieza02
Tanner Bibee,R,CLE,SDP,2023-06-13,4663938,676440,bibeeta01
Joe Musgrove,R,SDP,CLE,2023-06-13,34672,605397,musgrjo01
Yonny Chirinos,R,TBR,OAK,2023-06-13,38039,,
Hogan Harris,L,OAK,TBR,2023-06-13,4267224,663687,harriho03
Lance Lynn,R,CHW,LAD,2023-06-13,11292,458681,lynnla01
Tony Gonsolin,R,LAD,CHW,2023-06-13,935323,664062,gonsoto01
Spencer Strider,R,ATL,DET,2023-06-14,3116717,675911,stridsp01
Reese Olson,R,DET,ATL,2023-06-14,4266773,,
Colin Rea,R,MIL,MIN,2023-06-14,21810,607067,reaco01
Bailey Ober,R,MIN,MIL,2023-06-14,2441077,641927,oberba01
Anthony DeSclafani,R,SFG,STL,2023-06-14,17708,543101,desclan01
Jordan Montgomery,L,STL,SFG,2023-06-14,36606,656756,montgjo01
AJ Smith-Shawver,R,ATL,DET,2023-06-14,4781778,700363,smithaj01
Reese Olson,R,DET,ATL,2023-06-14,4266773,,
Jose Berrios,R,TOR,BAL,2023-06-14,35029,621244,berrijo01
Kyle Bradish,R,BAL,TOR,2023-06-14,2106116,680694,bradiky01
Austin Gomber,L,COL,BOS,2023-06-14,38021,596295,gombeau01
Garrett Whitlock,R,BOS,COL,2023-06-14,2500210,676477,whitlga01
Gerrit Cole,R,NYY,NYM,2023-06-14,15859,543037,colege01
Justin Verlander,R,NYM,NYY,2023-06-14,10908,434378,verlaju01
Osvaldo Bido,R,PIT,CHC,2023-06-14,4831592,674370,
Drew Smyly,L,CHC,PIT,2023-06-14,13432,592767,smylydr01
Reid Detmers,L,LAA,TEX,2023-06-14,2038930,672282,detmere01
Andrew Heaney,L,TEX,LAA,2023-06-14,17566,571760,heanean01
Josiah Gray,R,WAS,HOU,2023-06-14,2039710,680686,grayjo03
Framber Valdez,L,HOU,WAS,2023-06-14,503797,664285,valdefr01
Ben Lively,R,CIN,KCR,2023-06-14,36232,594902,livelbe01
Daniel Lynch,L,KCR,CIN,2023-06-14,2038876,663738,lynchda02
Eury Perez,R,MIA,SEA,2023-06-14,4727031,691587,perezeu02
Luis Castillo,R,SEA,MIA,2023-06-14,15729,622491,castilu02
Ranger Suarez,L,PHI,ARI,2023-06-14,38029,624133,suarera01
Merrill Kelly,R,ARI,PHI,2023-06-14,16363,518876,kellyme01
Aaron Civale,R,CLE,SDP,2023-06-14,1119021,650644,civalaa01
Michael Wacha,R,SDP,CLE,2023-06-14,15848,608379,wachami01
Tyler Glasnow,R,TBR,OAK,2023-06-14,34679,607192,glasnty01
Luis Medina,R,OAK,TBR,2023-06-14,1452199,665622,medinlu02
Mike Clevinger,R,CHW,LAD,2023-06-14,34646,605182,clevimi01
Clayton Kershaw,L,LAD,CHW,2023-06-14,10905,477132,kershcl01
Yusei Kikuchi,L,TOR,BAL,2023-06-15,814189,579328,kikucyu01
Tyler Wells,R,BAL,TOR,2023-06-15,2500250,669330,wellsty01
Taj Bradley,R,TBR,OAK,2023-06-15,4267539,671737,bradlta01
Paul Blackburn,R,OAK,TBR,2023-06-15,36242,621112,blackpa01
Aaron Nola,R,PHI,ARI,2023-06-15,21538,605400,nolaaa01
Ryne Nelson,R,ARI,PHI,2023-06-15,3776185,669194,nelsory01
Matthew Boyd,L,DET,MIN,2023-06-15,18952,571510,boydma01
Sonny Gray,R,MIN,DET,2023-06-15,14979,543243,grayso01
Kyle Freeland,L,COL,ATL,2023-06-15,36592,607536,freelky01
AJ Smith-Shawver,R,ATL,COL,2023-06-15,4781778,700363,smithaj01
Johan Oviedo,R,PIT,CHC,2023-06-15,2040079,670912,oviedjo01
Marcus Stroman,R,CHC,PIT,2023-06-15,16408,573186,stromma01
Shohei Ohtani,R,LAA,TEX,2023-06-15,41843,660271,ohtansh01
Nathan Eovaldi,R,TEX,LAA,2023-06-15,11440,543135,eovalna01
MacKenzie Gore,L,WAS,HOU,2023-06-15,2039965,669022,gorema01
Cristian Javier,R,HOU,WAS,2023-06-15,1452665,664299,javiecr01
Logan Allen,L,CLE,SDP,2023-06-15,4652998,671106,allenlo02
Ryan Weathers,L,SDP,CLE,2023-06-15,2039967,677960,weathry01
Dylan Cease,R,CHW,LAD,2023-06-15,813864,656302,ceasedy01
Michael Grove,R,LAD,CHW,2023-06-15,2039711,675627,grovemi01
Cole Irvin,L,BAL,CHC,2023-06-16,1016169,608344,irvinco01
Kyle Hendricks,R,CHC,BAL,2023-06-16,16517,543294,hendrky01
Sandy Alcantara,R,MIA,WAS,2023-06-16,37550,645261,alcansa01
Trevor Williams,R,WAS,MIA,2023-06-16,35715,592866,willitr01
Domingo German,R,NYY,BOS,2023-06-16,22659,593334,germado01
Tanner Houck,R,BOS,NYY,2023-06-16,2044741,656557,houckta01
Miles Mikolas,R,STL,NYM,2023-06-16,13737,571945,mikolmi01
Tylor Megill,R,NYM,STL,2023-06-16,2949570,656731,megilty01
Dinelson Lamet,R,COL,ATL,2023-06-16,36769,659275,lametdi01
Jared Shuster,L,ATL,COL,2023-06-16,2039403,694363,shustja01
Kevin Gausman,R,TOR,TEX,2023-06-16,15840,592332,gausmke01
Martin Perez,L,TEX,TOR,2023-06-16,13502,527048,perezma02
Tyler Alexander,L,DET,MIN,2023-06-16,1147788,641302,alexaty01
Joe Ryan,R,MIN,DET,2023-06-16,2039186,657746,ryanjo04
Andrew Abbott,L,CIN,HOU,2023-06-16,4793713,671096,abbotan01
J.P. France,R,HOU,CIN,2023-06-16,4266813,641585,francjp01
Rich Hill,L,PIT,MIL,2023-06-16,11187,448179,hillri01
Julio Teheran,R,MIL,PIT,2023-06-16,11191,527054,teherju01
Patrick Sandoval,L,LAA,KCR,2023-06-16,1210009,663776,sandopa02
Brady Singer,R,KCR,LAA,2023-06-16,2038877,663903,singebr01
Triston McKenzie,R,CLE,ARI,2023-06-16,1452000,663474,mckentr01
Zac Gallen,R,ARI,CLE,2023-06-16,1109352,668678,galleza01
Taijuan Walker,R,PHI,OAK,2023-06-16,15266,592836,walketa01
JP Sears,L,OAK,PHI,2023-06-16,3203908,676664,searsjp01
Shane McClanahan,L,TBR,SDP,2023-06-16,2039185,663556,mcclash01
Yu Darvish,R,SDP,TBR,2023-06-16,13412,506433,darviyu01
John Brebbia,R,SFG,LAD,2023-06-16,36795,605154,brebbjo01
Sean Manaea,L,LAD,SFG,2023-06-16,35031,,
Michael Kopech,R,CHW,SEA,2023-06-16,500626,656629,kopecmi01
Bryan Woo,R,SEA,CHW,2023-06-16,4785723,693433,woobr01
Joey Wentz,L,DET,MIN,2023-06-17,2440928,666214,wentzjo01
Jose De Leon,R,MIN,DET,2023-06-17,35711,592254,deleojo03
Kyle Gibson,R,BAL,CHC,2023-06-17,15867,502043,gibsoky01
Justin Steele,L,CHC,BAL,2023-06-17,814426,657006,steelju01
Trevor Richards,R,TOR,TEX,2023-06-17,203494,670950,richatr01
Dane Dunning,R,TEX,TOR,2023-06-17,1451963,641540,dunnida01
Braxton Garrett,L,MIA,WAS,2023-06-17,2039597,666129,garrebr01
Jake Irvin,R,WAS,MIA,2023-06-17,2040132,663623,irvinja01
Cristopher Sanchez,L,PHI,OAK,2023-06-17,1452820,650911,sanchcr01
James Kaprielian,R,OAK,PHI,2023-06-17,814149,621076,kaprija01
Mitch Keller,R,PIT,MIL,2023-06-17,814787,656605,kellemi03
Wade Miley,L,MIL,PIT,2023-06-17,11462,489119,mileywa01
Hunter Greene,R,CIN,HOU,2023-06-17,2060921,668881,greenhu01
Brandon Bielak,R,HOU,CIN,2023-06-17,2039657,656232,bielabr01
Connor Seabold,R,COL,ATL,2023-06-17,2039865,657756,seaboco01
Bryce Elder,R,ATL,COL,2023-06-17,3456890,693821,elderbr01
Lucas Giolito,R,CHW,SEA,2023-06-17,35242,608337,giolilu01
Logan Gilbert,R,SEA,CHW,2023-06-17,2039132,669302,gilbelo01
Adam Wainwright,R,STL,NYM,2023-06-17,13385,425794,wainwad01
Kodai Senga,R,NYM,STL,2023-06-17,4552262,673540,sengako01
Griffin Canning,R,LAA,KCR,2023-06-17,980775,656288,cannigr01
Mike Mayers,R,KCR,LAA,2023-06-17,35328,594577,mayermi01
Clarke Schmidt,R,NYY,BOS,2023-06-17,2039028,657376,schmicl01
Brayan Bello,R,BOS,NYY,2023-06-17,3201947,678394,bellobr01
Zach Eflin,R,TBR,SDP,2023-06-17,35145,621107,eflinza01
Blake Snell,L,SDP,TBR,2023-06-17,22658,605483,snellbl01
Alex Wood,L,SFG,LAD,2023-06-17,15846,622072,woodal02
Bobby Miller,R,LAD,SFG,2023-06-17,2051949,676272,millebo06
Shane Bieber,R,CLE,ARI,2023-06-17,351838,669456,biebesh01
Tommy Henry,L,ARI,CLE,2023-06-17,2039352,674072,henryto01
Dean Kremer,R,BAL,CHC,2023-06-18,1451925,665152,kremede01
Jameson Taillon,R,CHC,BAL,2023-06-18,16116,592791,taillja01
Clarke Schmidt,R,NYY,BOS,2023-06-18,2039028,657376,schmicl01
Nick Pivetta,R,BOS,NYY,2023-06-18,36234,601713,pivetni01
Chase Anderson,R,COL,ATL,2023-06-18,16064,502624,anderch01
Charlie Morton,R,ATL,COL,2023-06-18,10985,450203,mortoch02
Jesus Luzardo,L,MIA,WAS,2023-06-18,1266776,666200,luzarje01
Patrick Corbin,L,WAS,MIA,2023-06-18,13434,571578,corbipa01
Matthew Liberatore,L,STL,NYM,2023-06-18,2040078,669461,liberma01
Carlos Carrasco,R,NYM,STL,2023-06-18,10678,471911,carraca01
Luke Weaver,R,CIN,HOU,2023-06-18,35644,596133,weavelu01
Ronel Blanco,R,HOU,CIN,2023-06-18,3448186,669854,blancro01
Tyler Anderson,L,LAA,KCR,2023-06-18,16126,542881,anderty01
Zack Greinke,R,KCR,LAA,2023-06-18,11175,425844,greinza01
Luis Ortiz,R,PIT,MIL,2023-06-18,3803321,682847,ortizlu03
Freddy Peralta,R,MIL,PIT,2023-06-18,42165,642547,peralfr01
Garrett Hill,R,DET,MIN,2023-06-18,3596207,,
Louie Varland,R,MIN,DET,2023-06-18,3783412,686973,varlalo01
Chris Bassitt,R,TOR,TEX,2023-06-18,17633,605135,bassich01
Jon Gray,R,TEX,TOR,2023-06-18,17630,592351,grayjo02
Zack Wheeler,R,PHI,OAK,2023-06-18,15862,554430,wheelza01
Hogan Harris,L,OAK,PHI,2023-06-18,4267224,663687,harriho03
Lance Lynn,R,CHW,SEA,2023-06-18,11292,458681,lynnla01
Bryce Miller,R,SEA,CHW,2023-06-18,4686360,682243,millebr04
Tanner Bibee,R,CLE,ARI,2023-06-18,4663938,676440,bibeeta01
Zach Davies,R,ARI,CLE,2023-06-18,22664,605200,davieza02
Yonny Chirinos,R,TBR,SDP,2023-06-18,38039,630023,chiriyo01
Joe Musgrove,R,SDP,TBR,2023-06-18,34672,605397,musgrjo01
Logan Webb,R,SFG,LAD,2023-06-18,814868,657277,webblo01
Tony Gonsolin,R,LAD,SFG,2023-06-18,935323,664062,gonsoto01
Luis Severino,R,NYY,BOS,2023-06-18,21546,622663,severlu01
Brayan Bello,R,BOS,NYY,2023-06-18,3201947,678394,bellobr01
Jack Flaherty,R,STL,WAS,2023-06-19,37542,656427,flaheja01
Josiah Gray,R,WAS,STL,2023-06-19,2039710,680686,grayjo03
Jose Berrios,R,TOR,MIA,2023-06-19,35029,621244,berrijo01
Bryan Hoeing,R,MIA,TOR,2023-06-19,3726614,663773,hoeinbr01
Jordan Lyles,R,KCR,DET,2023-06-19,11285,543475,lylesjo01
Reese Olson,R,DET,KCR,2023-06-19,4266773,681857,olsonre01
Drew Smyly,L,CHC,PIT,2023-06-19,13432,592767,smylydr01
Osvaldo Bido,R,PIT,CHC,2023-06-19,4831592,674370,bidoos01
Austin Gomber,L,COL,CIN,2023-06-19,38021,596295,gombeau01
Brandon Williamson,L,CIN,COL,2023-06-19,2039137,682227,willibr02
James Paxton,L,BOS,MIN,2023-06-19,15267,572020,paxtoja01
Pablo Lopez,R,MIN,BOS,2023-06-19,42487,641154,lopezpa01
Merrill Kelly,R,ARI,MIL,2023-06-19,16363,518876,kellyme01
Corbin Burnes,R,MIL,ARI,2023-06-19,449732,669203,burneco01
Andrew Heaney,L,TEX,CHW,2023-06-19,17566,571760,heanean01
Jesse Scholtens,R,CHW,TEX,2023-06-19,4581633,669947,scholje01
Max Scherzer,R,NYM,HOU,2023-06-19,10934,453286,scherma01
Hunter Brown,R,HOU,NYM,2023-06-19,3776186,686613,brownhu01
Michael Wacha,R,SDP,SFG,2023-06-19,15848,608379,wachami01
Ryan Walker,R,SFG,SDP,2023-06-19,4764548,676254,walkery01
Spencer Strider,R,ATL,PHI,2023-06-20,3116717,675911,stridsp01
Ranger Suarez,L,PHI,ATL,2023-06-20,38029,624133,suarera01
Yusei Kikuchi,L,TOR,MIA,2023-06-20,814189,579328,kikucyu01
Eury Perez,R,MIA,TOR,2023-06-20,4727031,691587,perezeu02
Kyle Bradish,R,BAL,TBR,2023-06-20,2106116,680694,bradiky01
Tyler Glasnow,R,TBR,BAL,2023-06-20,34679,607192,glasnty01
Daniel Lynch,L,KCR,DET,2023-06-20,2038876,663738,lynchda02
Michael Lorenzen,R,DET,KCR,2023-06-20,17488,547179,lorenmi01
George Kirby,R,SEA,NYY,2023-06-20,2039134,669923,kirbyge01
Gerrit Cole,R,NYY,SEA,2023-06-20,15859,543037,colege01
Marcus Stroman,R,CHC,PIT,2023-06-20,16408,573186,stromma01
Johan Oviedo,R,PIT,CHC,2023-06-20,2040079,670912,oviedjo01
Jordan Montgomery,L,STL,WAS,2023-06-20,36606,656756,montgjo01
MacKenzie Gore,L,WAS,STL,2023-06-20,2039965,669022,gorema01
Ken Waldichuk,L,OAK,CLE,2023-06-20,3763400,,
Luis Medina,R,CLE,OAK,2023-06-20,1452199,665622,medinlu02
Noah Davis,R,COL,CIN,2023-06-20,3202640,663562,davisno01
Ben Lively,R,CIN,COL,2023-06-20,36232,594902,livelbe01
Kutter Crawford,R,BOS,MIN,2023-06-20,3070067,676710,crawfku01
Bailey Ober,R,MIN,BOS,2023-06-20,2441077,641927,oberba01
Ryne Nelson,R,ARI,MIL,2023-06-20,3776185,669194,nelsory01
Colin Rea,R,MIL,ARI,2023-06-20,21810,607067,reaco01
Nathan Eovaldi,R,TEX,CHW,2023-06-20,11440,543135,eovalna01
Dylan Cease,R,CHW,TEX,2023-06-20,813864,656302,ceasedy01
Justin Verlander,R,NYM,HOU,2023-06-20,10908,434378,verlaju01
Framber Valdez,L,HOU,NYM,2023-06-20,503797,664285,valdefr01
Seth Lugo,R,SDP,SFG,2023-06-20,34718,607625,lugose01
Anthony DeSclafani,R,SFG,SDP,2023-06-20,17708,543101,desclan01
Clayton Kershaw,L,LAD,LAA,2023-06-20,10905,477132,kershcl01
Reid Detmers,L,LAA,LAD,2023-06-20,2038930,672282,detmere01
Kevin Gausman,R,TOR,MIA,2023-06-21,15840,592332,gausmke01
Sandy Alcantara,R,MIA,TOR,2023-06-21,37550,645261,alcansa01
Tyler Wells,R,BAL,TBR,2023-06-21,2500250,669330,wellsty01
Taj Bradley,R,TBR,BAL,2023-06-21,4267539,671737,bradlta01
Connor Seabold,R,COL,CIN,2023-06-21,2039865,657756,seaboco01
Andrew Abbott,L,CIN,COL,2023-06-21,4793713,671096,abbotan01
Kyle Hendricks,R,CHC,PIT,2023-06-21,16517,543294,hendrky01
Rich Hill,L,PIT,CHC,2023-06-21,11187,448179,hillri01
Brady Singer,R,KCR,DET,2023-06-21,2038877,663903,singebr01
Matthew Boyd,L,DET,KCR,2023-06-21,18952,571510,boydma01
Tylor Megill,R,NYM,HOU,2023-06-21,2949570,656731,megilty01
Cristian Javier,R,HOU,NYM,2023-06-21,1452665,664299,javiecr01
Zac Gallen,R,ARI,MIL,2023-06-21,1109352,668678,galleza01
Julio Teheran,R,MIL,ARI,2023-06-21,11191,527054,teherju01
Miles Mikolas,R,STL,WAS,2023-06-21,13737,571945,mikolmi01
Trevor Williams,R,WAS,STL,2023-06-21,35715,592866,willitr01
AJ Smith-Shawver,R,ATL,PHI,2023-06-21,4781778,700363,smithaj01
Aaron Nola,R,PHI,ATL,2023-06-21,21538,605400,nolaaa01
Luis Castillo,R,SEA,NYY,2023-06-21,15729,622491,castilu02
Jhony Brito,R,NYY,SEA,2023-06-21,4061565,666745,britojh01
Paul Blackburn,R,OAK,CLE,2023-06-21,36242,621112,blackpa01
Gavin Williams,R,CLE,OAK,2023-06-21,4860673,668909,
Garrett Whitlock,R,BOS,MIN,2023-06-21,2500210,676477,whitlga01
Sonny Gray,R,MIN,BOS,2023-06-21,14979,543243,grayso01
Martin Perez,L,TEX,CHW,2023-06-21,13502,527048,perezma02
Michael Kopech,R,CHW,TEX,2023-06-21,500626,656629,kopecmi01
Michael Grove,R,LAD,LAA,2023-06-21,2039711,675627,grovemi01
Shohei Ohtani,R,LAA,LAD,2023-06-21,41843,660271,ohtansh01
Yu Darvish,R,SDP,SFG,2023-06-21,13412,506433,darviyu01
Ryan Walker,R,SFG,SDP,2023-06-21,4764548,676254,walkery01
Bryce Elder,R,ATL,PHI,2023-06-22,3456890,693821,elderbr01
Aaron Nola,R,PHI,ATL,2023-06-22,21538,605400,nolaaa01
Tommy Henry,L,ARI,WAS,2023-06-22,2039352,674072,henryto01
Jake Irvin,R,WAS,ARI,2023-06-22,2040132,663623,irvinja01
JP Sears,L,OAK,CLE,2023-06-22,3203908,676664,searsjp01
Logan Allen,L,CLE,OAK,2023-06-22,4652998,671106,allenlo02
Justin Garza,R,BOS,MIN,2023-06-22,2950435,621057,garzaju01
Brandon Walter,L,MIN,BOS,2023-06-22,4061014,,
Blake Snell,L,SDP,SFG,2023-06-22,22658,605483,snellbl01
Alex Wood,L,SFG,SDP,2023-06-22,15846,622072,woodal02
Jose Cuas,R,KCR,TBR,2023-06-22,3538364,621016,cuasjo01
Shane McClanahan,L,TBR,KCR,2023-06-22,2039185,663556,mcclash01
Mitch Keller,R,PIT,MIA,2023-06-22,814787,656605,kellemi03
Braxton Garrett,L,MIA,PIT,2023-06-22,2039597,666129,garrebr01
Bryan Woo,R,SEA,NYY,2023-06-22,4785723,693433,woobr01
Domingo German,R,NYY,SEA,2023-06-22,22659,593334,germado01
Zack Greinke,R,KCR,TBR,2023-06-23,11175,425844,greinza01
Zach Eflin,R,TBR,KCR,2023-06-23,35145,621107,eflinza01
Kenta Maeda,R,MIN,DET,2023-06-23,34693,628317,maedake01
Joey Wentz,L,DET,MIN,2023-06-23,2440928,666214,wentzjo01
AJ Smith-Shawver,R,ATL,CIN,2023-06-23,4781778,700363,smithaj01
Luke Weaver,R,CIN,ATL,2023-06-23,35644,596133,weavelu01
Luis Ortiz,R,PIT,MIA,2023-06-23,3803321,682847,ortizlu03
Jesus Luzardo,L,MIA,PIT,2023-06-23,1266776,666200,luzarje01
Logan Gilbert,R,SEA,BAL,2023-06-23,2039132,669302,gilbelo01
Kyle Gibson,R,BAL,SEA,2023-06-23,15867,502043,gibsoky01
Dane Dunning,R,TEX,NYY,2023-06-23,1451963,641540,dunnida01
Clarke Schmidt,R,NYY,TEX,2023-06-23,2039028,657376,schmicl01
Kodai Senga,R,NYM,PHI,2023-06-23,4552262,673540,sengako01
Taijuan Walker,R,PHI,NYM,2023-06-23,15266,592836,walketa01
James Kaprielian,R,OAK,TOR,2023-06-23,814149,621076,kaprija01
Chris Bassitt,R,TOR,OAK,2023-06-23,17633,605135,bassich01
Wade Miley,L,MIL,CLE,2023-06-23,11462,489119,mileywa01
Shane Bieber,R,CLE,MIL,2023-06-23,351838,669456,biebesh01
Brayan Bello,R,BOS,CHW,2023-06-23,3201947,678394,bellobr01
Lucas Giolito,R,CHW,BOS,2023-06-23,35242,608337,giolilu01
Patrick Sandoval,L,LAA,COL,2023-06-23,1210009,663776,sandopa02
Kyle Freeland,L,COL,LAA,2023-06-23,36592,607536,freelky01
Patrick Corbin,L,WAS,SDP,2023-06-23,13434,571578,corbipa01
Joe Musgrove,R,SDP,WAS,2023-06-23,34672,605397,musgrjo01
J.P. France,R,HOU,LAD,2023-06-23,4266813,641585,francjp01
Emmet Sheehan,R,LAD,HOU,2023-06-23,4843650,686218,sheehem01
Zach Davies,R,ARI,SFG,2023-06-23,22664,605200,davieza02
Logan Webb,R,SFG,ARI,2023-06-23,814868,657277,webblo01
Justin Steele,L,CHC,STL,2023-06-24,814426,657006,steelju01
Adam Wainwright,R,STL,CHC,2023-06-24,13385,425794,wainwad01
Jon Gray,R,TEX,NYY,2023-06-24,17630,592351,grayjo02
Luis Severino,R,NYY,TEX,2023-06-24,21546,622663,severlu01
Bryce Miller,R,SEA,BAL,2023-06-24,4686360,682243,millebr04
Dean Kremer,R,BAL,SEA,2023-06-24,1451925,665152,kremede01
Max Scherzer,R,NYM,PHI,2023-06-24,10934,453286,scherma01
Cristopher Sanchez,L,PHI,NYM,2023-06-24,1452820,650911,sanchcr01
Merrill Kelly,R,ARI,SFG,2023-06-24,16363,518876,kellyme01
Ryan Walker,R,SFG,ARI,2023-06-24,4764548,676254,walkery01
Hogan Harris,L,OAK,TOR,2023-06-24,4267224,663687,harriho03
Jose Berrios,R,TOR,OAK,2023-06-24,35029,621244,berrijo01
Freddy Peralta,R,MIL,CLE,2023-06-24,42165,642547,peralfr01
Tanner Bibee,R,CLE,MIL,2023-06-24,4663938,676440,bibeeta01
James Paxton,L,BOS,CHW,2023-06-24,15267,572020,paxtoja01
Lance Lynn,R,CHW,BOS,2023-06-24,11292,458681,lynnla01
Jordan Lyles,R,KCR,TBR,2023-06-24,11285,543475,lylesjo01
Yonny Chirinos,R,TBR,KCR,2023-06-24,38039,630023,chiriyo01
Osvaldo Bido,R,PIT,MIA,2023-06-24,4831592,674370,bidoos01
Bryan Hoeing,R,MIA,PIT,2023-06-24,3726614,663773,hoeinbr01
Jared Shuster,L,ATL,CIN,2023-06-24,2039403,694363,shustja01
Graham Ashcraft,R,CIN,ATL,2023-06-24,3522094,668933,ashcrgr01
Pablo Lopez,R,MIN,DET,2023-06-24,42487,641154,lopezpa01
Reese Olson,R,DET,MIN,2023-06-24,4266773,681857,olsonre01
Ronel Blanco,R,HOU,LAD,2023-06-24,3448186,669854,blancro01
Bobby Miller,R,LAD,HOU,2023-06-24,2051949,676272,millebo06
Josiah Gray,R,WAS,SDP,2023-06-24,2039710,680686,grayjo03
Matt Waldron,R,SDP,WAS,2023-06-24,4872770,663362,
Griffin Canning,R,LAA,COL,2023-06-24,980775,656288,cannigr01
Chase Anderson,R,COL,LAA,2023-06-24,16064,502624,anderch01
Marcus Stroman,R,CHC,STL,2023-06-25,16408,573186,stromma01
Matthew Liberatore,L,STL,CHC,2023-06-25,2040078,669461,liberma01
Bailey Ober,R,MIN,DET,2023-06-25,2441077,641927,oberba01
Michael Lorenzen,R,DET,MIN,2023-06-25,17488,547179,lorenmi01
Nathan Eovaldi,R,TEX,NYY,2023-06-25,11440,543135,eovalna01
Gerrit Cole,R,NYY,TEX,2023-06-25,15859,543037,colege01
George Kirby,R,SEA,BAL,2023-06-25,2039134,669923,kirbyge01
Kyle Bradish,R,BAL,SEA,2023-06-25,2106116,680694,bradiky01
Carlos Carrasco,R,NYM,PHI,2023-06-25,10678,471911,carraca01
Zack Wheeler,R,PHI,NYM,2023-06-25,15862,554430,wheelza01
Luis Medina,R,OAK,TOR,2023-06-25,1452199,665622,medinlu02
Yusei Kikuchi,L,TOR,OAK,2023-06-25,814189,579328,kikucyu01
Daniel Lynch,L,KCR,TBR,2023-06-25,2038876,663738,lynchda02
Tyler Glasnow,R,TBR,KCR,2023-06-25,34679,607192,glasnty01
Charlie Morton,R,ATL,CIN,2023-06-25,10985,450203,mortoch02
Levi Stoudt,R,CIN,ATL,2023-06-25,4266622,,
Corbin Burnes,R,MIL,CLE,2023-06-25,449732,669203,burneco01
Aaron Civale,R,CLE,MIL,2023-06-25,1119021,650644,civalaa01
Johan Oviedo,R,PIT,MIA,2023-06-25,2040079,670912,oviedjo01
Eury Perez,R,MIA,PIT,2023-06-25,4727031,691587,perezeu02
Kutter Crawford,R,BOS,CHW,2023-06-25,3070067,676710,crawfku01
Jesse Scholtens,R,CHW,BOS,2023-06-25,4581633,,
Tyler Anderson,L,LAA,COL,2023-06-25,16126,542881,anderty01
Austin Gomber,L,COL,LAA,2023-06-25,38021,596295,gombeau01
Ryne Nelson,R,ARI,SFG,2023-06-25,3776185,669194,nelsory01
Anthony DeSclafani,R,SFG,ARI,2023-06-25,17708,543101,desclan01
MacKenzie Gore,L,WAS,SDP,2023-06-25,2039965,669022,gorema01
Seth Lugo,R,SDP,WAS,2023-06-25,34718,607625,lugose01
Hunter Brown,R,HOU,LAD,2023-06-25,3776186,686613,brownhu01
Tony Gonsolin,R,LAD,HOU,2023-06-25,935323,664062,gonsoto01
Brandon Williamson,L,CIN,BAL,2023-06-26,2039137,682227,willibr02
Cole Irvin,L,BAL,CIN,2023-06-26,1016169,608344,irvinco01
Colin Rea,R,MIL,NYM,2023-06-26,21810,607067,reaco01
Justin Verlander,R,NYM,MIL,2023-06-26,10908,434378,verlaju01
Sonny Gray,R,MIN,ATL,2023-06-26,14979,543243,grayso01
Spencer Strider,R,ATL,MIN,2023-06-26,3116717,675911,stridsp01
Matthew Boyd,L,DET,TEX,2023-06-26,18952,571510,boydma01
Andrew Heaney,L,TEX,DET,2023-06-26,17566,571760,heanean01
Dylan Cease,R,CHW,LAA,2023-06-26,813864,656302,ceasedy01
Reid Detmers,L,LAA,CHW,2023-06-26,2038930,672282,detmere01
Trevor Williams,R,WAS,SEA,2023-06-26,35715,592866,willitr01
Luis Castillo,R,SEA,WAS,2023-06-26,15729,622491,castilu02
Yu Darvish,R,SDP,PIT,2023-06-27,13412,506433,darviyu01
Rich Hill,L,PIT,SDP,2023-06-27,11187,448179,hillri01
Andrew Abbott,L,CIN,BAL,2023-06-27,4793713,671096,abbotan01
Tyler Wells,R,BAL,CIN,2023-06-27,2500250,669330,wellsty01
Ryan Walker,R,SFG,TOR,2023-06-27,4764548,676254,walkery01
Kevin Gausman,R,TOR,SFG,2023-06-27,15840,592332,gausmke01
Julio Teheran,R,MIL,NYM,2023-06-27,11191,527054,teherju01
David Peterson,L,NYM,MIL,2023-06-27,2039813,656849,peterda01
Sandy Alcantara,R,MIA,BOS,2023-06-27,37550,645261,alcansa01
Garrett Whitlock,R,BOS,MIA,2023-06-27,2500210,676477,whitlga01
Joe Ryan,R,MIN,ATL,2023-06-27,2039186,657746,ryanjo04
Bryce Elder,R,ATL,MIN,2023-06-27,3456890,693821,elderbr01
Framber Valdez,L,HOU,STL,2023-06-27,503797,664285,valdefr01
Jordan Montgomery,L,STL,HOU,2023-06-27,36606,656756,montgjo01
Matt Manning,R,DET,TEX,2023-06-27,2038818,666159,mannima02
Martin Perez,L,TEX,DET,2023-06-27,13502,527048,perezma02
Ranger Suarez,L,PHI,CHC,2023-06-27,38029,624133,suarera01
Jameson Taillon,R,CHC,PHI,2023-06-27,16116,592791,taillja01
Gavin Williams,R,CLE,KCR,2023-06-27,4860673,668909,williga01
Brady Singer,R,KCR,CLE,2023-06-27,2038877,663903,singebr01
Clayton Kershaw,L,LAD,COL,2023-06-27,10905,477132,kershcl01
Connor Seabold,R,COL,LAD,2023-06-27,2039865,657756,seaboco01
Michael Kopech,R,CHW,LAA,2023-06-27,500626,656629,kopecmi01
Shohei Ohtani,R,LAA,CHW,2023-06-27,41843,660271,ohtansh01
Taj Bradley,R,TBR,ARI,2023-06-27,4267539,671737,bradlta01
Zac Gallen,R,ARI,TBR,2023-06-27,1109352,668678,galleza01
Jhony Brito,R,NYY,OAK,2023-06-27,4061565,666745,britojh01
Paul Blackburn,R,OAK,NYY,2023-06-27,36242,621112,blackpa01
Jake Irvin,R,WAS,SEA,2023-06-27,2040132,663623,irvinja01
Bryan Woo,R,SEA,WAS,2023-06-27,4785723,693433,woobr01
Kenta Maeda,R,MIN,ATL,2023-06-28,34693,628317,maedake01
Kolby Allard,L,ATL,MIN,2023-06-28,480013,663465,allarko01
Patrick Corbin,L,WAS,SEA,2023-06-28,13434,571578,corbipa01
Logan Gilbert,R,SEA,WAS,2023-06-28,2039132,669302,gilbelo01
Luke Weaver,R,CIN,BAL,2023-06-28,35644,596133,weavelu01
Kyle Gibson,R,BAL,CIN,2023-06-28,15867,502043,gibsoky01
Blake Snell,L,SDP,PIT,2023-06-28,22658,605483,snellbl01
Mitch Keller,R,PIT,SDP,2023-06-28,814787,656605,kellemi03
Logan Webb,R,SFG,TOR,2023-06-28,814868,657277,webblo01
Trevor Richards,R,TOR,SFG,2023-06-28,203494,670950,richatr01
Braxton Garrett,L,MIA,BOS,2023-06-28,2039597,666129,garrebr01
Kaleb Ort,R,BOS,MIA,2023-06-28,3079203,,
Wade Miley,L,MIL,NYM,2023-06-28,11462,489119,mileywa01
Kodai Senga,R,NYM,MIL,2023-06-28,4552262,673540,sengako01
Cristian Javier,R,HOU,STL,2023-06-28,1452665,664299,javiecr01
Miles Mikolas,R,STL,HOU,2023-06-28,13737,571945,mikolmi01
Aaron Nola,R,PHI,CHC,2023-06-28,21538,605400,nolaaa01
Drew Smyly,L,CHC,PHI,2023-06-28,13432,592767,smylydr01
Joey Wentz,L,DET,TEX,2023-06-28,2440928,666214,wentzjo01
Dane Dunning,R,TEX,DET,2023-06-28,1451963,641540,dunnida01
Logan Allen,L,CLE,KCR,2023-06-28,4652998,671106,allenlo02
Austin Cox,L,KCR,CLE,2023-06-28,2038874,680735,coxau01
Michael Grove,R,LAD,COL,2023-06-28,2039711,675627,grovemi01
Kyle Freeland,L,COL,LAD,2023-06-28,36592,607536,freelky01
Lucas Giolito,R,CHW,LAA,2023-06-28,35242,608337,giolilu01
Jaime Barria,R,LAA,CHW,2023-06-28,38005,642545,barrija01
Zach Eflin,R,TBR,ARI,2023-06-28,35145,621107,eflinza01
Zach Davies,R,ARI,TBR,2023-06-28,22664,605200,davieza02
Domingo German,R,NYY,OAK,2023-06-28,22659,593334,germado01
JP Sears,L,OAK,NYY,2023-06-28,3203908,676664,searsjp01
Joe Musgrove,R,SDP,PIT,2023-06-29,34672,605397,musgrjo01
Luis Ortiz,R,PIT,SDP,2023-06-29,3803321,682847,ortizlu03
Reese Olson,R,DET,TEX,2023-06-29,4266773,681857,olsonre01
Cody Bradford,L,TEX,DET,2023-06-29,4742829,674003,bradfco01
Shane Bieber,R,CLE,KCR,2023-06-29,351838,669456,biebesh01
Zack Greinke,R,KCR,CLE,2023-06-29,11175,425844,greinza01
Clarke Schmidt,R,NYY,OAK,2023-06-29,2039028,657376,schmicl01
Hogan Harris,L,OAK,NYY,2023-06-29,4267224,663687,harriho03
Zack Littell,R,TBR,ARI,2023-06-29,38002,641793,litteza01
Yonny Chirinos,R,ARI,TBR,2023-06-29,38039,,
Lance Lynn,R,CHW,LAA,2023-06-29,11292,458681,lynnla01
Patrick Sandoval,L,LAA,CHW,2023-06-29,1210009,663776,sandopa02
Jesus Luzardo,L,MIA,BOS,2023-06-29,1266776,666200,luzarje01
Brayan Bello,R,BOS,MIA,2023-06-29,3201947,678394,bellobr01
Ryan Walker,R,SFG,TOR,2023-06-29,4764548,676254,walkery01
Chris Bassitt,R,TOR,SFG,2023-06-29,17633,605135,bassich01
Adrian Houser,R,MIL,NYM,2023-06-29,31643,605288,housead01
Max Scherzer,R,NYM,MIL,2023-06-29,10934,453286,scherma01
J.P. France,R,HOU,STL,2023-06-29,4266813,641585,francjp01
Adam Wainwright,R,STL,HOU,2023-06-29,13385,425794,wainwad01
Taijuan Walker,R,PHI,CHC,2023-06-29,15266,592836,walketa01
Kyle Hendricks,R,CHC,PHI,2023-06-29,16517,543294,hendrky01
Emmet Sheehan,R,LAD,COL,2023-06-29,4843650,686218,sheehem01
Chase Anderson,R,COL,LAD,2023-06-29,16064,502624,anderch01
